Instance	Formulation type	Assets number	Time window Length	Maintenance Types	Solution Status	Solving Time	Solution value
data/Instance_original_1.txt	Original	10	5	3	Optimal	0.041052	-457.058	
data/Instance_original_2.txt	Original	10	5	3	Optimal	0.002393	-596.73	
data/Instance_original_3.txt	Original	10	5	3	Optimal	0.005579	-131.353	
data/Instance_original_4.txt	Original	10	5	3	Optimal	0.010567	-373.412	
data/Instance_original_5.txt	Original	10	5	3	Optimal	0.028503	-323.368	
data/Instance_original_6.txt	Original	10	5	3	Optimal	0.005705	124.117	
data/Instance_original_7.txt	Original	10	5	3	Optimal	0.007443	-191.891	
data/Instance_original_8.txt	Original	10	5	3	Optimal	0.004885	159.614	
data/Instance_original_9.txt	Original	10	5	3	Optimal	0.004505	534.772	
data/Instance_original_10.txt	Original	10	5	3	Optimal	0.04601	-503.177	
data/Instance_original_11.txt	Original	10	5	3	Optimal	0.001096	276.857	
data/Instance_original_12.txt	Original	10	5	3	Optimal	0.004246	-29.9225	
data/Instance_original_13.txt	Original	10	5	3	Optimal	0.010714	-322.124	
data/Instance_original_14.txt	Original	10	5	3	Optimal	0.020859	-161.335	
data/Instance_original_15.txt	Original	10	5	3	Optimal	0.00247	-116.927	
data/Instance_original_16.txt	Original	10	5	3	Optimal	0.010602	-490.069	
data/Instance_original_17.txt	Original	10	5	3	Optimal	0.007282	-196.754	
data/Instance_original_18.txt	Original	10	5	3	Optimal	0.002009	-1060.89	
data/Instance_original_19.txt	Original	10	5	3	Optimal	0.003105	521.446	
data/Instance_original_20.txt	Original	10	5	3	Optimal	0.011627	-128.507	
data/Instance_original_21.txt	Original	10	5	3	Optimal	0.010148	-301.873	
data/Instance_original_22.txt	Original	10	5	3	Optimal	0.010145	-384.396	
data/Instance_original_23.txt	Original	10	5	3	Optimal	0.003557	-387.969	
data/Instance_original_24.txt	Original	10	5	3	Optimal	0.018949	-503.548	
data/Instance_original_25.txt	Original	10	5	3	Optimal	0.044539	-415.132	
data/Instance_original_26.txt	Original	10	5	3	Optimal	0.03256	-26.2757	
data/Instance_original_27.txt	Original	10	5	3	Optimal	0.009348	464.384	
data/Instance_original_28.txt	Original	10	5	3	Optimal	0.003544	-167.15	
data/Instance_original_29.txt	Original	10	5	3	Optimal	0.007319	-443.669	
data/Instance_original_30.txt	Original	10	5	3	Optimal	0.01458	-281.419	
data/Instance_original_31.txt	Original	10	5	3	Optimal	0.015104	-114.833	
data/Instance_original_32.txt	Original	10	5	3	Optimal	0.007541	-35.3978	
data/Instance_original_33.txt	Original	10	5	3	Optimal	0.015271	-253.287	
data/Instance_original_34.txt	Original	10	5	3	Optimal	0.004303	-229.705	
data/Instance_original_35.txt	Original	10	5	3	Optimal	0.014363	224.42	
data/Instance_original_36.txt	Original	10	5	3	Optimal	0.00172	-0.364533	
data/Instance_original_37.txt	Original	10	5	3	Optimal	0.022144	-42.291	
data/Instance_original_38.txt	Original	10	5	3	Optimal	0.013807	-893.148	
data/Instance_original_39.txt	Original	10	5	3	Optimal	0.009814	-169.61	
data/Instance_original_40.txt	Original	10	5	3	Optimal	0.01074	-122.55	
data/Instance_original_41.txt	Original	10	5	3	Optimal	0.009602	-569.787	
data/Instance_original_42.txt	Original	10	5	3	Optimal	0.002391	376.919	
data/Instance_original_43.txt	Original	10	5	3	Optimal	0.002971	419.958	
data/Instance_original_44.txt	Original	10	5	3	Optimal	0.002291	1.79523	
data/Instance_original_45.txt	Original	10	5	3	Optimal	0.001677	554.8	
data/Instance_original_46.txt	Original	10	5	3	Optimal	0.021086	-256.353	
data/Instance_original_47.txt	Original	10	5	3	Optimal	0.017764	34.2581	
data/Instance_original_48.txt	Original	10	5	3	Optimal	0.00613	-161.443	
data/Instance_original_49.txt	Original	10	5	3	Optimal	0.009629	184.665	
data/Instance_original_50.txt	Original	10	5	3	Optimal	0.004243	113.488	
data/Instance_original_51.txt	Original	10	5	3	Optimal	0.00546	-84.6051	
data/Instance_original_52.txt	Original	10	5	3	Optimal	0.00298	-683.882	
data/Instance_original_53.txt	Original	10	5	3	Optimal	0.027066	-239.743	
data/Instance_original_54.txt	Original	10	5	3	Optimal	0.029977	-456.155	
data/Instance_original_55.txt	Original	10	5	3	Optimal	0.025696	-122.326	
data/Instance_original_56.txt	Original	10	5	3	Optimal	0.014788	-514.448	
data/Instance_original_57.txt	Original	10	5	3	Optimal	0.024157	-156.382	
data/Instance_original_58.txt	Original	10	5	3	Optimal	0.013852	-676.361	
data/Instance_original_59.txt	Original	10	5	3	Optimal	0.003763	-559.141	
data/Instance_original_60.txt	Original	10	5	3	Optimal	0.001362	-462.299	
data/Instance_original_61.txt	Original	10	5	3	Optimal	0.00148	-717.301	
data/Instance_original_62.txt	Original	10	5	3	Optimal	0.007243	-95.5333	
data/Instance_original_63.txt	Original	10	5	3	Optimal	0.001902	-422.792	
data/Instance_original_64.txt	Original	10	5	3	Optimal	0.021287	-94.9435	
data/Instance_original_65.txt	Original	10	5	3	Optimal	0.039759	-596.756	
data/Instance_original_66.txt	Original	10	5	3	Optimal	0.02053	-441.074	
data/Instance_original_67.txt	Original	10	5	3	Optimal	0.002416	-172.93	
data/Instance_original_68.txt	Original	10	5	3	Optimal	0.009791	38.5922	
data/Instance_original_69.txt	Original	10	5	3	Optimal	0.023954	-26.603	
data/Instance_original_70.txt	Original	10	5	3	Optimal	0.007482	286.158	
data/Instance_original_71.txt	Original	10	5	3	Optimal	0.007362	-448.416	
data/Instance_original_72.txt	Original	10	5	3	Optimal	0.168001	-152.473	
data/Instance_original_73.txt	Original	10	5	3	Optimal	0.007097	-134.378	
data/Instance_original_74.txt	Original	10	5	3	Optimal	0.0047	-335.964	
data/Instance_original_75.txt	Original	10	5	3	Optimal	0.00153	-426.723	
data/Instance_original_76.txt	Original	10	5	3	Optimal	0.0015	-176.504	
data/Instance_original_77.txt	Original	10	5	3	Optimal	0.011776	-224.156	
data/Instance_original_78.txt	Original	10	5	3	Optimal	0.006698	-141.637	
data/Instance_original_79.txt	Original	10	5	3	Optimal	0.007293	-301.983	
data/Instance_original_80.txt	Original	10	5	3	Optimal	0.014852	-223.248	
data/Instance_original_81.txt	Original	10	5	3	Optimal	0.009131	-515.132	
data/Instance_original_82.txt	Original	10	5	3	Optimal	0.008442	-330.322	
data/Instance_original_83.txt	Original	10	5	3	Optimal	0.013305	-252.253	
data/Instance_original_84.txt	Original	10	5	3	Optimal	0.040064	-353.691	
data/Instance_original_85.txt	Original	10	5	3	Optimal	0.104216	-327.188	
data/Instance_original_86.txt	Original	10	5	3	Optimal	0.056512	-637.129	
data/Instance_original_87.txt	Original	10	5	3	Optimal	0.001484	-842.851	
data/Instance_original_88.txt	Original	10	5	3	Optimal	0.002447	-283.788	
data/Instance_original_89.txt	Original	10	5	3	Optimal	0.009979	-476.18	
data/Instance_original_90.txt	Original	10	5	3	Optimal	0.010041	-142.729	
data/Instance_original_91.txt	Original	10	5	3	Optimal	0.04733	-331.994	
data/Instance_original_92.txt	Original	10	5	3	Optimal	0.002783	-60.9011	
data/Instance_original_93.txt	Original	10	5	3	Optimal	0.001356	-454.512	
data/Instance_original_94.txt	Original	10	5	3	Optimal	0.003516	-0.0499675	
data/Instance_original_95.txt	Original	10	5	3	Optimal	0.021639	-462.746	
data/Instance_original_96.txt	Original	10	5	3	Optimal	0.018178	-212.98	
data/Instance_original_97.txt	Original	10	5	3	Optimal	0.007658	-259.392	
data/Instance_original_98.txt	Original	10	5	3	Optimal	0.015333	-490.448	
data/Instance_original_99.txt	Original	10	5	3	Optimal	0.019985	-565.593	
data/Instance_original_100.txt	Original	10	5	3	Optimal	0.008048	-90.8071	
data/Instance_original_101.txt	Original	20	5	3	Optimal	0.005711	-413.085	
data/Instance_original_102.txt	Original	20	5	3	Optimal	0.001514	-870.404	
data/Instance_original_103.txt	Original	20	5	3	Optimal	0.017862	-747.774	
data/Instance_original_104.txt	Original	20	5	3	Optimal	0.006305	-486.433	
data/Instance_original_105.txt	Original	20	5	3	Optimal	0.015441	-196.177	
data/Instance_original_106.txt	Original	20	5	3	Optimal	0.006504	-67.1209	
data/Instance_original_107.txt	Original	20	5	3	Optimal	0.155427	-596.62	
data/Instance_original_108.txt	Original	20	5	3	Optimal	0.033057	-323.115	
data/Instance_original_109.txt	Original	20	5	3	Optimal	0.01998	-1107.1	
data/Instance_original_110.txt	Original	20	5	3	Optimal	0.021864	-294.35	
data/Instance_original_111.txt	Original	20	5	3	Optimal	0.017731	-1180.42	
data/Instance_original_112.txt	Original	20	5	3	Optimal	0.008269	23.7497	
data/Instance_original_113.txt	Original	20	5	3	Optimal	0.014516	-1070.46	
data/Instance_original_114.txt	Original	20	5	3	Optimal	0.015055	-225.895	
data/Instance_original_115.txt	Original	20	5	3	Optimal	0.088562	-980.352	
data/Instance_original_116.txt	Original	20	5	3	Optimal	0.01863	-1744.7	
data/Instance_original_117.txt	Original	20	5	3	Optimal	0.003148	-1355.58	
data/Instance_original_118.txt	Original	20	5	3	Optimal	0.01521	-1048.65	
data/Instance_original_119.txt	Original	20	5	3	Optimal	0.006533	-1259	
data/Instance_original_120.txt	Original	20	5	3	Optimal	0.007011	202.181	
data/Instance_original_121.txt	Original	20	5	3	Optimal	0.030395	-974.844	
data/Instance_original_122.txt	Original	20	5	3	Optimal	0.005068	-1468.24	
data/Instance_original_123.txt	Original	20	5	3	Optimal	0.009664	176.987	
data/Instance_original_124.txt	Original	20	5	3	Optimal	0.017447	-60.2349	
data/Instance_original_125.txt	Original	20	5	3	Optimal	0.069734	-282.697	
data/Instance_original_126.txt	Original	20	5	3	Optimal	0.028447	-462.098	
data/Instance_original_127.txt	Original	20	5	3	Optimal	0.026104	-488.538	
data/Instance_original_128.txt	Original	20	5	3	Optimal	0.001974	-570.17	
data/Instance_original_129.txt	Original	20	5	3	Optimal	0.020236	-219.139	
data/Instance_original_130.txt	Original	20	5	3	Optimal	0.018707	-747.9	
data/Instance_original_131.txt	Original	20	5	3	Optimal	0.001787	-1051.07	
data/Instance_original_132.txt	Original	20	5	3	Optimal	0.014134	-745.183	
data/Instance_original_133.txt	Original	20	5	3	Optimal	0.023762	-292.743	
data/Instance_original_134.txt	Original	20	5	3	Optimal	0.009035	-1007.35	
data/Instance_original_135.txt	Original	20	5	3	Optimal	0.006329	-865.685	
data/Instance_original_136.txt	Original	20	5	3	Optimal	0.009256	-384.937	
data/Instance_original_137.txt	Original	20	5	3	Optimal	0.009361	885.098	
data/Instance_original_138.txt	Original	20	5	3	Optimal	0.064419	-1035.8	
data/Instance_original_139.txt	Original	20	5	3	Optimal	0.025886	-457.998	
data/Instance_original_140.txt	Original	20	5	3	Optimal	0.005911	-618.173	
data/Instance_original_141.txt	Original	20	5	3	Optimal	0.184084	-229.576	
data/Instance_original_142.txt	Original	20	5	3	Optimal	0.012749	-543.611	
data/Instance_original_143.txt	Original	20	5	3	Optimal	0.010232	-542.371	
data/Instance_original_144.txt	Original	20	5	3	Optimal	0.034309	-646.793	
data/Instance_original_145.txt	Original	20	5	3	Optimal	0.002464	224.823	
data/Instance_original_146.txt	Original	20	5	3	Optimal	0.269029	-1009.34	
data/Instance_original_147.txt	Original	20	5	3	Optimal	0.015353	-883.287	
data/Instance_original_148.txt	Original	20	5	3	Optimal	0.223074	-740.792	
data/Instance_original_149.txt	Original	20	5	3	Optimal	0.006341	-1082.08	
data/Instance_original_150.txt	Original	20	5	3	Optimal	0.047953	-492.515	
data/Instance_original_151.txt	Original	20	5	3	Optimal	0.031106	-149.604	
data/Instance_original_152.txt	Original	20	5	3	Optimal	0.038518	-598.804	
data/Instance_original_153.txt	Original	20	5	3	Optimal	0.00597	589.704	
data/Instance_original_154.txt	Original	20	5	3	Optimal	0.014754	-890.169	
data/Instance_original_155.txt	Original	20	5	3	Optimal	0.032328	-663.683	
data/Instance_original_156.txt	Original	20	5	3	Optimal	0.013716	-489.984	
data/Instance_original_157.txt	Original	20	5	3	Optimal	0.016547	-845.898	
data/Instance_original_158.txt	Original	20	5	3	Optimal	0.018577	-231.251	
data/Instance_original_159.txt	Original	20	5	3	Optimal	0.013037	-653.808	
data/Instance_original_160.txt	Original	20	5	3	Optimal	0.015726	-988.149	
data/Instance_original_161.txt	Original	20	5	3	Optimal	0.011839	147.315	
data/Instance_original_162.txt	Original	20	5	3	Optimal	0.006793	-23.4859	
data/Instance_original_163.txt	Original	20	5	3	Optimal	0.018121	204.296	
data/Instance_original_164.txt	Original	20	5	3	Optimal	0.033309	-560.814	
data/Instance_original_165.txt	Original	20	5	3	Optimal	0.009401	-694.721	
data/Instance_original_166.txt	Original	20	5	3	Optimal	0.019374	-286.097	
data/Instance_original_167.txt	Original	20	5	3	Optimal	0.03004	-451.398	
data/Instance_original_168.txt	Original	20	5	3	Optimal	0.016972	-638.575	
data/Instance_original_169.txt	Original	20	5	3	Optimal	0.005601	-267.902	
data/Instance_original_170.txt	Original	20	5	3	Optimal	0.035891	-773.428	
data/Instance_original_171.txt	Original	20	5	3	Optimal	0.019281	-1223.55	
data/Instance_original_172.txt	Original	20	5	3	Optimal	0.005208	-252.226	
data/Instance_original_173.txt	Original	20	5	3	Optimal	0.013792	-337.259	
data/Instance_original_174.txt	Original	20	5	3	Optimal	0.032726	-502.054	
data/Instance_original_175.txt	Original	20	5	3	Optimal	0.007704	-1096.37	
data/Instance_original_176.txt	Original	20	5	3	Optimal	0.097246	-418.525	
data/Instance_original_177.txt	Original	20	5	3	Optimal	0.045118	-156.301	
data/Instance_original_178.txt	Original	20	5	3	Optimal	0.132777	-275.158	
data/Instance_original_179.txt	Original	20	5	3	Optimal	0.022528	-1189.74	
data/Instance_original_180.txt	Original	20	5	3	Optimal	0.006375	-628.699	
data/Instance_original_181.txt	Original	20	5	3	Optimal	0.004753	428.984	
data/Instance_original_182.txt	Original	20	5	3	Optimal	0.15165	-488.962	
data/Instance_original_183.txt	Original	20	5	3	Optimal	0.031425	-727.326	
data/Instance_original_184.txt	Original	20	5	3	Optimal	0.015897	-232.513	
data/Instance_original_185.txt	Original	20	5	3	Optimal	0.027532	-1157.18	
data/Instance_original_186.txt	Original	20	5	3	Optimal	0.031636	-886.143	
data/Instance_original_187.txt	Original	20	5	3	Optimal	0.010738	-409.781	
data/Instance_original_188.txt	Original	20	5	3	Optimal	0.013285	-481.829	
data/Instance_original_189.txt	Original	20	5	3	Optimal	0.01418	-1682.83	
data/Instance_original_190.txt	Original	20	5	3	Optimal	0.014095	-472.727	
data/Instance_original_191.txt	Original	20	5	3	Optimal	0.006186	-663.653	
data/Instance_original_192.txt	Original	20	5	3	Optimal	0.024445	-926.352	
data/Instance_original_193.txt	Original	20	5	3	Optimal	0.004755	-874.823	
data/Instance_original_194.txt	Original	20	5	3	Optimal	0.565016	-1061.69	
data/Instance_original_195.txt	Original	20	5	3	Optimal	0.009992	-1178.89	
data/Instance_original_196.txt	Original	20	5	3	Optimal	0.004711	-158.989	
data/Instance_original_197.txt	Original	20	5	3	Optimal	0.014182	-376.288	
data/Instance_original_198.txt	Original	20	5	3	Optimal	0.016	-774.949	
data/Instance_original_199.txt	Original	20	5	3	Optimal	0.014551	-363.122	
data/Instance_original_200.txt	Original	20	5	3	Optimal	0.015267	-1056.44	
data/Instance_original_201.txt	Original	50	5	3	Optimal	0.02472	-1187.11	
data/Instance_original_202.txt	Original	50	5	3	Optimal	0.026618	-3795.69	
data/Instance_original_203.txt	Original	50	5	3	Optimal	0.013302	-2011.64	
data/Instance_original_204.txt	Original	50	5	3	Optimal	0.020767	-3048.27	
data/Instance_original_205.txt	Original	50	5	3	Optimal	0.010528	31.595	
data/Instance_original_206.txt	Original	50	5	3	Optimal	0.086954	-1657.97	
data/Instance_original_207.txt	Original	50	5	3	Optimal	0.043761	-2513.8	
data/Instance_original_208.txt	Original	50	5	3	Optimal	0.037656	-374.135	
data/Instance_original_209.txt	Original	50	5	3	Optimal	0.047238	-2788.08	
data/Instance_original_210.txt	Original	50	5	3	Optimal	0.008504	-2213.63	
data/Instance_original_211.txt	Original	50	5	3	Optimal	0.051539	-1284.65	
data/Instance_original_212.txt	Original	50	5	3	Optimal	0.025281	-1331.29	
data/Instance_original_213.txt	Original	50	5	3	Optimal	0.013405	-626.543	
data/Instance_original_214.txt	Original	50	5	3	Optimal	0.012781	-20.5671	
data/Instance_original_215.txt	Original	50	5	3	Optimal	0.017798	-3444.43	
data/Instance_original_216.txt	Original	50	5	3	Optimal	0.14243	-518.917	
data/Instance_original_217.txt	Original	50	5	3	Optimal	0.014246	-224.726	
data/Instance_original_218.txt	Original	50	5	3	Optimal	0.018279	-593.154	
data/Instance_original_219.txt	Original	50	5	3	Optimal	0.024661	-2390.33	
data/Instance_original_220.txt	Original	50	5	3	Optimal	0.147121	-2916.16	
data/Instance_original_221.txt	Original	50	5	3	Optimal	0.045991	-2612.9	
data/Instance_original_222.txt	Original	50	5	3	Optimal	0.065733	-1576.1	
data/Instance_original_223.txt	Original	50	5	3	Optimal	0.080361	-2147.56	
data/Instance_original_224.txt	Original	50	5	3	Optimal	0.012029	159.199	
data/Instance_original_225.txt	Original	50	5	3	Optimal	0.053044	-2055.17	
data/Instance_original_226.txt	Original	50	5	3	Optimal	0.028351	-2875.02	
data/Instance_original_227.txt	Original	50	5	3	Optimal	0.008303	-919.784	
data/Instance_original_228.txt	Original	50	5	3	Optimal	0.019541	-1790.09	
data/Instance_original_229.txt	Original	50	5	3	Optimal	0.007212	-952.123	
data/Instance_original_230.txt	Original	50	5	3	Optimal	0.019706	-2243.01	
data/Instance_original_231.txt	Original	50	5	3	Optimal	0.01136	-2253.6	
data/Instance_original_232.txt	Original	50	5	3	Optimal	0.236259	-3317.07	
data/Instance_original_233.txt	Original	50	5	3	Optimal	0.018742	-2586.46	
data/Instance_original_234.txt	Original	50	5	3	Optimal	0.029545	-2459.28	
data/Instance_original_235.txt	Original	50	5	3	Optimal	0.011908	-1470.18	
data/Instance_original_236.txt	Original	50	5	3	Optimal	0.024677	-3630.93	
data/Instance_original_237.txt	Original	50	5	3	Optimal	0.008255	5.35898	
data/Instance_original_238.txt	Original	50	5	3	Optimal	0.024237	-1728.55	
data/Instance_original_239.txt	Original	50	5	3	Optimal	0.02268	-2132.02	
data/Instance_original_240.txt	Original	50	5	3	Optimal	0.012624	-2309.31	
data/Instance_original_241.txt	Original	50	5	3	Optimal	0.021197	-1281	
data/Instance_original_242.txt	Original	50	5	3	Optimal	0.028236	-2786.17	
data/Instance_original_243.txt	Original	50	5	3	Optimal	0.006368	-1153.59	
data/Instance_original_244.txt	Original	50	5	3	Optimal	0.006646	-822.202	
data/Instance_original_245.txt	Original	50	5	3	Optimal	0.056847	-3126.64	
data/Instance_original_246.txt	Original	50	5	3	Optimal	0.007183	-3146.7	
data/Instance_original_247.txt	Original	50	5	3	Optimal	0.009658	-976.12	
data/Instance_original_248.txt	Original	50	5	3	Optimal	0.05185	-2546.31	
data/Instance_original_249.txt	Original	50	5	3	Optimal	0.030041	-1148.34	
data/Instance_original_250.txt	Original	50	5	3	Optimal	0.008411	-578.531	
data/Instance_original_251.txt	Original	50	5	3	Optimal	0.00997	-1314.73	
data/Instance_original_252.txt	Original	50	5	3	Optimal	0.030827	-2694.69	
data/Instance_original_253.txt	Original	50	5	3	Optimal	0.020242	-177.613	
data/Instance_original_254.txt	Original	50	5	3	Optimal	0.028891	-2321.09	
data/Instance_original_255.txt	Original	50	5	3	Optimal	0.027652	-2389.03	
data/Instance_original_256.txt	Original	50	5	3	Optimal	0.037614	-2257.21	
data/Instance_original_257.txt	Original	50	5	3	Optimal	0.044497	-1075.02	
data/Instance_original_258.txt	Original	50	5	3	Optimal	0.008495	-1157.37	
data/Instance_original_259.txt	Original	50	5	3	Optimal	0.122276	-1388.34	
data/Instance_original_260.txt	Original	50	5	3	Optimal	0.011478	-329.57	
data/Instance_original_261.txt	Original	50	5	3	Optimal	0.012778	-706.352	
data/Instance_original_262.txt	Original	50	5	3	Optimal	0.036834	-1723.14	
data/Instance_original_263.txt	Original	50	5	3	Optimal	0.04335	-3342.82	
data/Instance_original_264.txt	Original	50	5	3	Optimal	0.045395	-1771.03	
data/Instance_original_265.txt	Original	50	5	3	Optimal	0.015384	-2175.61	
data/Instance_original_266.txt	Original	50	5	3	Optimal	0.020636	-2467.04	
data/Instance_original_267.txt	Original	50	5	3	Optimal	0.006124	-2850.81	
data/Instance_original_268.txt	Original	50	5	3	Optimal	0.009251	-960.477	
data/Instance_original_269.txt	Original	50	5	3	Optimal	0.006343	-1109.43	
data/Instance_original_270.txt	Original	50	5	3	Optimal	0.040162	-550.17	
data/Instance_original_271.txt	Original	50	5	3	Optimal	0.037384	-1346.8	
data/Instance_original_272.txt	Original	50	5	3	Optimal	0.029417	-1869.15	
data/Instance_original_273.txt	Original	50	5	3	Optimal	0.083387	-2419.37	
data/Instance_original_274.txt	Original	50	5	3	Optimal	0.049592	-1453.21	
data/Instance_original_275.txt	Original	50	5	3	Optimal	0.033422	-2234.23	
data/Instance_original_276.txt	Original	50	5	3	Optimal	0.006852	-453.431	
data/Instance_original_277.txt	Original	50	5	3	Optimal	0.005366	-90.8414	
data/Instance_original_278.txt	Original	50	5	3	Optimal	0.018161	68.2889	
data/Instance_original_279.txt	Original	50	5	3	Optimal	0.031362	-2230.72	
data/Instance_original_280.txt	Original	50	5	3	Optimal	0.007987	-2498.15	
data/Instance_original_281.txt	Original	50	5	3	Optimal	0.026659	-1231.73	
data/Instance_original_282.txt	Original	50	5	3	Optimal	0.024234	-2260.59	
data/Instance_original_283.txt	Original	50	5	3	Optimal	0.040109	-1851.25	
data/Instance_original_284.txt	Original	50	5	3	Optimal	0.050161	-2393.76	
data/Instance_original_285.txt	Original	50	5	3	Optimal	0.022727	-888.467	
data/Instance_original_286.txt	Original	50	5	3	Optimal	0.070477	-2610	
data/Instance_original_287.txt	Original	50	5	3	Optimal	0.045305	-2296.19	
data/Instance_original_288.txt	Original	50	5	3	Optimal	0.020343	-1632.43	
data/Instance_original_289.txt	Original	50	5	3	Optimal	0.010874	301.799	
data/Instance_original_290.txt	Original	50	5	3	Optimal	0.021683	-3177.32	
data/Instance_original_291.txt	Original	50	5	3	Optimal	0.027301	-2785.38	
data/Instance_original_292.txt	Original	50	5	3	Optimal	0.03526	-1842.77	
data/Instance_original_293.txt	Original	50	5	3	Optimal	0.048224	-1335.03	
data/Instance_original_294.txt	Original	50	5	3	Optimal	0.017026	-377.563	
data/Instance_original_295.txt	Original	50	5	3	Optimal	0.01264	-1642.05	
data/Instance_original_296.txt	Original	50	5	3	Optimal	0.023345	-1236.96	
data/Instance_original_297.txt	Original	50	5	3	Optimal	0.036179	-1113.65	
data/Instance_original_298.txt	Original	50	5	3	Optimal	0.03426	-1721.03	
data/Instance_original_299.txt	Original	50	5	3	Optimal	0.040901	-2316.66	
data/Instance_original_300.txt	Original	50	5	3	Optimal	0.002191	-3159.43	
data/Instance_original_301.txt	Original	100	5	3	Optimal	0.040554	-1423.72	
data/Instance_original_302.txt	Original	100	5	3	Optimal	0.127595	-2970.37	
data/Instance_original_303.txt	Original	100	5	3	Optimal	0.068919	-5304.95	
data/Instance_original_304.txt	Original	100	5	3	Optimal	0.016694	-1767.96	
data/Instance_original_305.txt	Original	100	5	3	Optimal	0.033153	-3899.09	
data/Instance_original_306.txt	Original	100	5	3	Optimal	0.010439	-2097.51	
data/Instance_original_307.txt	Original	100	5	3	Optimal	0.008339	-949.071	
data/Instance_original_308.txt	Original	100	5	3	Optimal	0.047964	-1643.13	
data/Instance_original_309.txt	Original	100	5	3	Optimal	0.009537	-4312.28	
data/Instance_original_310.txt	Original	100	5	3	Optimal	0.016037	-5805.14	
data/Instance_original_311.txt	Original	100	5	3	Optimal	0.086335	-4531.31	
data/Instance_original_312.txt	Original	100	5	3	Optimal	0.093365	-2256.89	
data/Instance_original_313.txt	Original	100	5	3	Optimal	0.084898	-4048.79	
data/Instance_original_314.txt	Original	100	5	3	Optimal	0.009385	-1094.92	
data/Instance_original_315.txt	Original	100	5	3	Optimal	0.009452	-5528.33	
data/Instance_original_316.txt	Original	100	5	3	Optimal	0.009893	-335.168	
data/Instance_original_317.txt	Original	100	5	3	Optimal	0.134295	-3512.48	
data/Instance_original_318.txt	Original	100	5	3	Optimal	0.200861	-5514.81	
data/Instance_original_319.txt	Original	100	5	3	Optimal	0.023425	-6712.65	
data/Instance_original_320.txt	Original	100	5	3	Optimal	0.081049	-2600.45	
data/Instance_original_321.txt	Original	100	5	3	Optimal	0.010186	-2532.94	
data/Instance_original_322.txt	Original	100	5	3	Optimal	0.050795	-2451.21	
data/Instance_original_323.txt	Original	100	5	3	Optimal	0.056772	-5646.65	
data/Instance_original_324.txt	Original	100	5	3	Optimal	0.046997	-2621.98	
data/Instance_original_325.txt	Original	100	5	3	Optimal	0.014906	-3013.72	
data/Instance_original_326.txt	Original	100	5	3	Optimal	0.105347	-3539.03	
data/Instance_original_327.txt	Original	100	5	3	Optimal	0.010326	-1227.28	
data/Instance_original_328.txt	Original	100	5	3	Optimal	0.031814	-3162.15	
data/Instance_original_329.txt	Original	100	5	3	Optimal	0.035113	-7033.62	
data/Instance_original_330.txt	Original	100	5	3	Optimal	0.010259	-1377.71	
data/Instance_original_331.txt	Original	100	5	3	Optimal	0.059992	427.452	
data/Instance_original_332.txt	Original	100	5	3	Optimal	0.111927	-4813	
data/Instance_original_333.txt	Original	100	5	3	Optimal	0.046498	-1848.2	
data/Instance_original_334.txt	Original	100	5	3	Optimal	0.060592	-3923.74	
data/Instance_original_335.txt	Original	100	5	3	Optimal	0.021799	-4864.2	
data/Instance_original_336.txt	Original	100	5	3	Optimal	0.102429	-2912.53	
data/Instance_original_337.txt	Original	100	5	3	Optimal	0.01051	-2215.53	
data/Instance_original_338.txt	Original	100	5	3	Optimal	0.103022	-5663.04	
data/Instance_original_339.txt	Original	100	5	3	Optimal	0.012414	-1881.94	
data/Instance_original_340.txt	Original	100	5	3	Optimal	0.013173	-4581.48	
data/Instance_original_341.txt	Original	100	5	3	Optimal	0.01035	-823.826	
data/Instance_original_342.txt	Original	100	5	3	Optimal	0.102701	-4513.19	
data/Instance_original_343.txt	Original	100	5	3	Optimal	0.038533	-2638.44	
data/Instance_original_344.txt	Original	100	5	3	Optimal	0.042404	-2797.65	
data/Instance_original_345.txt	Original	100	5	3	Optimal	0.139239	-3815.51	
data/Instance_original_346.txt	Original	100	5	3	Optimal	0.014567	-2941.82	
data/Instance_original_347.txt	Original	100	5	3	Optimal	0.014946	-2485.51	
data/Instance_original_348.txt	Original	100	5	3	Optimal	0.135477	-2514.24	
data/Instance_original_349.txt	Original	100	5	3	Optimal	0.008279	-5488.28	
data/Instance_original_350.txt	Original	100	5	3	Optimal	0.007997	-1753.74	
data/Instance_original_351.txt	Original	100	5	3	Optimal	0.033207	-6900.44	
data/Instance_original_352.txt	Original	100	5	3	Optimal	0.033441	-5198.06	
data/Instance_original_353.txt	Original	100	5	3	Optimal	0.007289	1230.06	
data/Instance_original_354.txt	Original	100	5	3	Optimal	0.077097	-3375.87	
data/Instance_original_355.txt	Original	100	5	3	Optimal	0.106111	-994.848	
data/Instance_original_356.txt	Original	100	5	3	Optimal	0.0114	-5284.92	
data/Instance_original_357.txt	Original	100	5	3	Optimal	0.069533	-2469.03	
data/Instance_original_358.txt	Original	100	5	3	Optimal	0.079706	-3417.44	
data/Instance_original_359.txt	Original	100	5	3	Optimal	0.029831	-2735.55	
data/Instance_original_360.txt	Original	100	5	3	Optimal	0.007695	-3288.4	
data/Instance_original_361.txt	Original	100	5	3	Optimal	0.049321	-3648.23	
data/Instance_original_362.txt	Original	100	5	3	Optimal	0.012862	-5136.16	
data/Instance_original_363.txt	Original	100	5	3	Optimal	0.01059	-5219.04	
data/Instance_original_364.txt	Original	100	5	3	Optimal	0.045736	-4301.15	
data/Instance_original_365.txt	Original	100	5	3	Optimal	0.031072	-1691.55	
data/Instance_original_366.txt	Original	100	5	3	Optimal	0.060782	-1455.71	
data/Instance_original_367.txt	Original	100	5	3	Optimal	0.03917	-1867	
data/Instance_original_368.txt	Original	100	5	3	Optimal	0.00822	-2022.14	
data/Instance_original_369.txt	Original	100	5	3	Optimal	0.069191	-2416.65	
data/Instance_original_370.txt	Original	100	5	3	Optimal	0.056687	-2820.28	
data/Instance_original_371.txt	Original	100	5	3	Optimal	0.009931	-4371.74	
data/Instance_original_372.txt	Original	100	5	3	Optimal	0.084841	-2386.81	
data/Instance_original_373.txt	Original	100	5	3	Optimal	0.010359	-2370.63	
data/Instance_original_374.txt	Original	100	5	3	Optimal	0.063588	-2380.79	
data/Instance_original_375.txt	Original	100	5	3	Optimal	0.049022	-3850.28	
data/Instance_original_376.txt	Original	100	5	3	Optimal	0.012087	-2642.66	
data/Instance_original_377.txt	Original	100	5	3	Optimal	0.048664	-4837.17	
data/Instance_original_378.txt	Original	100	5	3	Optimal	0.062067	-4501.21	
data/Instance_original_379.txt	Original	100	5	3	Optimal	0.035969	-4994.29	
data/Instance_original_380.txt	Original	100	5	3	Optimal	0.132694	-4818.61	
data/Instance_original_381.txt	Original	100	5	3	Optimal	0.040335	-3120.04	
data/Instance_original_382.txt	Original	100	5	3	Optimal	0.06565	-6557.92	
data/Instance_original_383.txt	Original	100	5	3	Optimal	0.038015	-2044.5	
data/Instance_original_384.txt	Original	100	5	3	Optimal	0.013372	-1032.8	
data/Instance_original_385.txt	Original	100	5	3	Optimal	0.235329	-1700.75	
data/Instance_original_386.txt	Original	100	5	3	Optimal	0.008348	-1695.94	
data/Instance_original_387.txt	Original	100	5	3	Optimal	0.134921	-2894.9	
data/Instance_original_388.txt	Original	100	5	3	Optimal	0.008161	-4314.62	
data/Instance_original_389.txt	Original	100	5	3	Optimal	0.010268	-1067.28	
data/Instance_original_390.txt	Original	100	5	3	Optimal	0.008626	-631.183	
data/Instance_original_391.txt	Original	100	5	3	Optimal	0.082614	-2158.48	
data/Instance_original_392.txt	Original	100	5	3	Optimal	0.015202	-2438.6	
data/Instance_original_393.txt	Original	100	5	3	Optimal	0.055647	-2247.88	
data/Instance_original_394.txt	Original	100	5	3	Optimal	0.045363	-2342.85	
data/Instance_original_395.txt	Original	100	5	3	Optimal	0.065689	-2888.43	
data/Instance_original_396.txt	Original	100	5	3	Optimal	0.039573	-2776.3	
data/Instance_original_397.txt	Original	100	5	3	Optimal	0.008762	-1515.46	
data/Instance_original_398.txt	Original	100	5	3	Optimal	0.025577	-1255.21	
data/Instance_original_399.txt	Original	100	5	3	Optimal	0.065629	-4968.28	
data/Instance_original_400.txt	Original	100	5	3	Optimal	0.042132	-4596.04	
data/Instance_original_401.txt	Original	200	5	3	Optimal	0.025814	-635.025	
data/Instance_original_402.txt	Original	200	5	3	Optimal	0.147822	-9107.57	
data/Instance_original_403.txt	Original	200	5	3	Optimal	0.016335	-2388.9	
data/Instance_original_404.txt	Original	200	5	3	Optimal	0.136756	-5956.55	
data/Instance_original_405.txt	Original	200	5	3	Optimal	0.17178	-9998.03	
data/Instance_original_406.txt	Original	200	5	3	Optimal	0.142415	-10146	
data/Instance_original_407.txt	Original	200	5	3	Optimal	0.017085	-4186.84	
data/Instance_original_408.txt	Original	200	5	3	Optimal	0.123375	-9692.73	
data/Instance_original_409.txt	Original	200	5	3	Optimal	0.102721	-2115.04	
data/Instance_original_410.txt	Original	200	5	3	Optimal	0.125203	-7877.33	
data/Instance_original_411.txt	Original	200	5	3	Optimal	0.155784	-8717.9	
data/Instance_original_412.txt	Original	200	5	3	Optimal	0.019775	-5924.95	
data/Instance_original_413.txt	Original	200	5	3	Optimal	0.016402	-9804.5	
data/Instance_original_414.txt	Original	200	5	3	Optimal	0.081824	-58.0724	
data/Instance_original_415.txt	Original	200	5	3	Optimal	0.057407	-10471.4	
data/Instance_original_416.txt	Original	200	5	3	Optimal	0.333146	-5381.65	
data/Instance_original_417.txt	Original	200	5	3	Optimal	0.01483	-2551.03	
data/Instance_original_418.txt	Original	200	5	3	Optimal	0.060231	-11134.5	
data/Instance_original_419.txt	Original	200	5	3	Optimal	0.0103	-10803.4	
data/Instance_original_420.txt	Original	200	5	3	Optimal	0.098844	-5327.83	
data/Instance_original_421.txt	Original	200	5	3	Optimal	0.093677	-11481.8	
data/Instance_original_422.txt	Original	200	5	3	Optimal	0.13263	-9707.63	
data/Instance_original_423.txt	Original	200	5	3	Optimal	0.01424	-4466.36	
data/Instance_original_424.txt	Original	200	5	3	Optimal	0.020443	-1600.82	
data/Instance_original_425.txt	Original	200	5	3	Optimal	0.177894	-12588.3	
data/Instance_original_426.txt	Original	200	5	3	Optimal	0.011685	-9852.43	
data/Instance_original_427.txt	Original	200	5	3	Optimal	0.144722	-5051.62	
data/Instance_original_428.txt	Original	200	5	3	Optimal	0.016398	-5601.87	
data/Instance_original_429.txt	Original	200	5	3	Optimal	0.076237	-7594.23	
data/Instance_original_430.txt	Original	200	5	3	Optimal	0.07389	-7785.6	
data/Instance_original_431.txt	Original	200	5	3	Optimal	0.048604	-11690.8	
data/Instance_original_432.txt	Original	200	5	3	Optimal	0.056339	-11538.4	
data/Instance_original_433.txt	Original	200	5	3	Optimal	0.134292	-6367.45	
data/Instance_original_434.txt	Original	200	5	3	Optimal	0.023191	-1205.48	
data/Instance_original_435.txt	Original	200	5	3	Optimal	0.090989	-4559.73	
data/Instance_original_436.txt	Original	200	5	3	Optimal	0.016005	-1611.22	
data/Instance_original_437.txt	Original	200	5	3	Optimal	0.101786	-5391.79	
data/Instance_original_438.txt	Original	200	5	3	Optimal	0.015909	-11917.2	
data/Instance_original_439.txt	Original	200	5	3	Optimal	0.084996	-5159.7	
data/Instance_original_440.txt	Original	200	5	3	Optimal	0.071188	-4124.52	
data/Instance_original_441.txt	Original	200	5	3	Optimal	0.063044	-2715.43	
data/Instance_original_442.txt	Original	200	5	3	Optimal	0.012806	-10076	
data/Instance_original_443.txt	Original	200	5	3	Optimal	0.113962	-8045.77	
data/Instance_original_444.txt	Original	200	5	3	Optimal	0.054445	-10537.7	
data/Instance_original_445.txt	Original	200	5	3	Optimal	0.020539	-4590.66	
data/Instance_original_446.txt	Original	200	5	3	Optimal	0.121858	-8305	
data/Instance_original_447.txt	Original	200	5	3	Optimal	0.071604	881.406	
data/Instance_original_448.txt	Original	200	5	3	Optimal	0.012974	-1635.44	
data/Instance_original_449.txt	Original	200	5	3	Optimal	0.018201	-4985.23	
data/Instance_original_450.txt	Original	200	5	3	Optimal	0.026032	-1995.55	
data/Instance_original_451.txt	Original	200	5	3	Optimal	0.196611	-9502.93	
data/Instance_original_452.txt	Original	200	5	3	Optimal	0.014496	-5391.69	
data/Instance_original_453.txt	Original	200	5	3	Optimal	0.053508	-7287.09	
data/Instance_original_454.txt	Original	200	5	3	Optimal	0.067551	-6923.76	
data/Instance_original_455.txt	Original	200	5	3	Optimal	0.175244	-9386.35	
data/Instance_original_456.txt	Original	200	5	3	Optimal	0.055403	-7092.58	
data/Instance_original_457.txt	Original	200	5	3	Optimal	0.101474	-10324.8	
data/Instance_original_458.txt	Original	200	5	3	Optimal	0.056038	-13501.8	
data/Instance_original_459.txt	Original	200	5	3	Optimal	0.061167	-8745.75	
data/Instance_original_460.txt	Original	200	5	3	Optimal	0.120362	-4556.27	
data/Instance_original_461.txt	Original	200	5	3	Optimal	0.064026	-12318	
data/Instance_original_462.txt	Original	200	5	3	Optimal	0.015071	-11723.9	
data/Instance_original_463.txt	Original	200	5	3	Optimal	0.012388	-9929.68	
data/Instance_original_464.txt	Original	200	5	3	Optimal	0.057032	-13435.3	
data/Instance_original_465.txt	Original	200	5	3	Optimal	0.071767	-6814.78	
data/Instance_original_466.txt	Original	200	5	3	Optimal	0.258636	-10792.5	
data/Instance_original_467.txt	Original	200	5	3	Optimal	0.015052	-10537.1	
data/Instance_original_468.txt	Original	200	5	3	Optimal	0.1935	-9483.38	
data/Instance_original_469.txt	Original	200	5	3	Optimal	0.012874	514.109	
data/Instance_original_470.txt	Original	200	5	3	Optimal	0.133502	-5210.43	
data/Instance_original_471.txt	Original	200	5	3	Optimal	0.112698	-11356.8	
data/Instance_original_472.txt	Original	200	5	3	Optimal	0.018237	-2270.06	
data/Instance_original_473.txt	Original	200	5	3	Optimal	0.015518	-2608.39	
data/Instance_original_474.txt	Original	200	5	3	Optimal	0.058075	-9116.35	
data/Instance_original_475.txt	Original	200	5	3	Optimal	0.047242	-1162.33	
data/Instance_original_476.txt	Original	200	5	3	Optimal	0.019527	-3399.53	
data/Instance_original_477.txt	Original	200	5	3	Optimal	0.050569	-7560.89	
data/Instance_original_478.txt	Original	200	5	3	Optimal	0.031581	-2329.37	
data/Instance_original_479.txt	Original	200	5	3	Optimal	0.022147	-12738.1	
data/Instance_original_480.txt	Original	200	5	3	Optimal	0.184726	-9890.98	
data/Instance_original_481.txt	Original	200	5	3	Optimal	0.031042	-1234.21	
data/Instance_original_482.txt	Original	200	5	3	Optimal	0.016964	-10662.8	
data/Instance_original_483.txt	Original	200	5	3	Optimal	0.02078	-1289.29	
data/Instance_original_484.txt	Original	200	5	3	Optimal	0.132289	-11411.8	
data/Instance_original_485.txt	Original	200	5	3	Optimal	0.019909	-2911.19	
data/Instance_original_486.txt	Original	200	5	3	Optimal	0.058691	-7886.27	
data/Instance_original_487.txt	Original	200	5	3	Optimal	0.116778	-9828.08	
data/Instance_original_488.txt	Original	200	5	3	Optimal	0.14994	-5361.62	
data/Instance_original_489.txt	Original	200	5	3	Optimal	0.063333	-3803.54	
data/Instance_original_490.txt	Original	200	5	3	Optimal	0.048839	-11183.1	
data/Instance_original_491.txt	Original	200	5	3	Optimal	0.041215	-6963.28	
data/Instance_original_492.txt	Original	200	5	3	Optimal	0.014843	-9838.78	
data/Instance_original_493.txt	Original	200	5	3	Optimal	0.01655	-11235.5	
data/Instance_original_494.txt	Original	200	5	3	Optimal	0.026897	-8867.67	
data/Instance_original_495.txt	Original	200	5	3	Optimal	0.024571	-2586.34	
data/Instance_original_496.txt	Original	200	5	3	Optimal	0.040703	-7665.3	
data/Instance_original_497.txt	Original	200	5	3	Optimal	0.068094	-9358.26	
data/Instance_original_498.txt	Original	200	5	3	Optimal	0.236316	-8359.06	
data/Instance_original_499.txt	Original	200	5	3	Optimal	0.064481	-8299.95	
data/Instance_original_500.txt	Original	200	5	3	Optimal	0.037294	-11525.2	
data/Instance_original_501.txt	Original	300	5	3	Optimal	0.021907	-17491.6	
data/Instance_original_502.txt	Original	300	5	3	Optimal	0.092271	-16805.1	
data/Instance_original_503.txt	Original	300	5	3	Optimal	0.10185	-8217.74	
data/Instance_original_504.txt	Original	300	5	3	Optimal	0.240884	-11430.6	
data/Instance_original_505.txt	Original	300	5	3	Optimal	0.090609	-7722.97	
data/Instance_original_506.txt	Original	300	5	3	Optimal	0.074695	-10047.6	
data/Instance_original_507.txt	Original	300	5	3	Optimal	0.045238	-9481.27	
data/Instance_original_508.txt	Original	300	5	3	Optimal	0.026285	-6762.36	
data/Instance_original_509.txt	Original	300	5	3	Optimal	0.213547	-11870.8	
data/Instance_original_510.txt	Original	300	5	3	Optimal	0.022889	-5337.52	
data/Instance_original_511.txt	Original	300	5	3	Optimal	0.151651	-8337.83	
data/Instance_original_512.txt	Original	300	5	3	Optimal	0.093551	-17571.5	
data/Instance_original_513.txt	Original	300	5	3	Optimal	0.069531	-10415.7	
data/Instance_original_514.txt	Original	300	5	3	Optimal	0.491113	-15627.1	
data/Instance_original_515.txt	Original	300	5	3	Optimal	0.146191	-13758.8	
data/Instance_original_516.txt	Original	300	5	3	Optimal	0.038401	-5564.37	
data/Instance_original_517.txt	Original	300	5	3	Optimal	0.183857	-11690.5	
data/Instance_original_518.txt	Original	300	5	3	Optimal	0.056796	-5898.14	
data/Instance_original_519.txt	Original	300	5	3	Optimal	0.159395	-9263.07	
data/Instance_original_520.txt	Original	300	5	3	Optimal	0.10077	-15539.4	
data/Instance_original_521.txt	Original	300	5	3	Optimal	0.047776	-10972.2	
data/Instance_original_522.txt	Original	300	5	3	Optimal	0.030983	-2204.15	
data/Instance_original_523.txt	Original	300	5	3	Optimal	0.039807	-5417.51	
data/Instance_original_524.txt	Original	300	5	3	Optimal	0.0856	-12151.5	
data/Instance_original_525.txt	Original	300	5	3	Optimal	0.125944	-17761.6	
data/Instance_original_526.txt	Original	300	5	3	Optimal	0.031726	-3618.43	
data/Instance_original_527.txt	Original	300	5	3	Optimal	0.088647	-16113.5	
data/Instance_original_528.txt	Original	300	5	3	Optimal	0.054851	-7553.18	
data/Instance_original_529.txt	Original	300	5	3	Optimal	0.016936	-1959.08	
data/Instance_original_530.txt	Original	300	5	3	Optimal	0.017615	-17718	
data/Instance_original_531.txt	Original	300	5	3	Optimal	0.088419	-13552.3	
data/Instance_original_532.txt	Original	300	5	3	Optimal	0.09806	-8518.31	
data/Instance_original_533.txt	Original	300	5	3	Optimal	0.020316	-999.346	
data/Instance_original_534.txt	Original	300	5	3	Optimal	0.022449	-921.926	
data/Instance_original_535.txt	Original	300	5	3	Optimal	0.21988	-2813.39	
data/Instance_original_536.txt	Original	300	5	3	Optimal	0.082764	-7763.85	
data/Instance_original_537.txt	Original	300	5	3	Optimal	0.118407	-14943.5	
data/Instance_original_538.txt	Original	300	5	3	Optimal	0.085464	-5691.64	
data/Instance_original_539.txt	Original	300	5	3	Optimal	0.174216	-14893.9	
data/Instance_original_540.txt	Original	300	5	3	Optimal	0.107352	-10807	
data/Instance_original_541.txt	Original	300	5	3	Optimal	0.064643	-7829.01	
data/Instance_original_542.txt	Original	300	5	3	Optimal	0.067837	-16994	
data/Instance_original_543.txt	Original	300	5	3	Optimal	0.344002	-9856.1	
data/Instance_original_544.txt	Original	300	5	3	Optimal	0.087271	-16983.7	
data/Instance_original_545.txt	Original	300	5	3	Optimal	0.204373	-16002.9	
data/Instance_original_546.txt	Original	300	5	3	Optimal	0.09154	-12703	
data/Instance_original_547.txt	Original	300	5	3	Optimal	0.2064	-14765.1	
data/Instance_original_548.txt	Original	300	5	3	Optimal	0.098463	-8448.5	
data/Instance_original_549.txt	Original	300	5	3	Optimal	0.293812	-12516.3	
data/Instance_original_550.txt	Original	300	5	3	Optimal	0.115673	-14671.9	
data/Instance_original_551.txt	Original	300	5	3	Optimal	0.095098	-15790.7	
data/Instance_original_552.txt	Original	300	5	3	Optimal	0.018178	-13568.2	
data/Instance_original_553.txt	Original	300	5	3	Optimal	0.078553	-15925.1	
data/Instance_original_554.txt	Original	300	5	3	Optimal	0.024771	-4032.14	
data/Instance_original_555.txt	Original	300	5	3	Optimal	0.015952	-15896.4	
data/Instance_original_556.txt	Original	300	5	3	Optimal	0.015225	-15007.2	
data/Instance_original_557.txt	Original	300	5	3	Optimal	0.103723	-9885.27	
data/Instance_original_558.txt	Original	300	5	3	Optimal	0.025219	-3281.86	
data/Instance_original_559.txt	Original	300	5	3	Optimal	0.023702	-17549	
data/Instance_original_560.txt	Original	300	5	3	Optimal	0.080188	-8239.67	
data/Instance_original_561.txt	Original	300	5	3	Optimal	0.028397	-4964.61	
data/Instance_original_562.txt	Original	300	5	3	Optimal	0.197212	-7352.15	
data/Instance_original_563.txt	Original	300	5	3	Optimal	0.123481	-13760.8	
data/Instance_original_564.txt	Original	300	5	3	Optimal	0.057837	-16211.3	
data/Instance_original_565.txt	Original	300	5	3	Optimal	0.213621	-11719.6	
data/Instance_original_566.txt	Original	300	5	3	Optimal	0.032779	-16446	
data/Instance_original_567.txt	Original	300	5	3	Optimal	0.090767	-12308.7	
data/Instance_original_568.txt	Original	300	5	3	Optimal	0.022296	-17031.9	
data/Instance_original_569.txt	Original	300	5	3	Optimal	0.024034	-5339.61	
data/Instance_original_570.txt	Original	300	5	3	Optimal	0.170669	-13577.5	
data/Instance_original_571.txt	Original	300	5	3	Optimal	0.084942	-5789.82	
data/Instance_original_572.txt	Original	300	5	3	Optimal	0.023013	-14863.4	
data/Instance_original_573.txt	Original	300	5	3	Optimal	0.078655	-9196.53	
data/Instance_original_574.txt	Original	300	5	3	Optimal	0.253709	-13675.2	
data/Instance_original_575.txt	Original	300	5	3	Optimal	0.229682	-15046.2	
data/Instance_original_576.txt	Original	300	5	3	Optimal	0.061274	-7989.62	
data/Instance_original_577.txt	Original	300	5	3	Optimal	0.369848	-13213.7	
data/Instance_original_578.txt	Original	300	5	3	Optimal	0.067368	-4631.29	
data/Instance_original_579.txt	Original	300	5	3	Optimal	0.015924	-18684.2	
data/Instance_original_580.txt	Original	300	5	3	Optimal	0.402831	-1998.11	
data/Instance_original_581.txt	Original	300	5	3	Optimal	0.097821	-10051.9	
data/Instance_original_582.txt	Original	300	5	3	Optimal	0.084819	-11688.2	
data/Instance_original_583.txt	Original	300	5	3	Optimal	0.136198	-12814.1	
data/Instance_original_584.txt	Original	300	5	3	Optimal	0.02106	-16147.1	
data/Instance_original_585.txt	Original	300	5	3	Optimal	0.020151	-9093.89	
data/Instance_original_586.txt	Original	300	5	3	Optimal	0.029749	-5247.34	
data/Instance_original_587.txt	Original	300	5	3	Optimal	0.028265	-16351.9	
data/Instance_original_588.txt	Original	300	5	3	Optimal	0.05539	-15732.4	
data/Instance_original_589.txt	Original	300	5	3	Optimal	0.0632	-15115.4	
data/Instance_original_590.txt	Original	300	5	3	Optimal	0.028115	-16032.3	
data/Instance_original_591.txt	Original	300	5	3	Optimal	0.125932	-12969.5	
data/Instance_original_592.txt	Original	300	5	3	Optimal	0.07031	-13409.3	
data/Instance_original_593.txt	Original	300	5	3	Optimal	0.039882	-9619.08	
data/Instance_original_594.txt	Original	300	5	3	Optimal	0.082842	-8862	
data/Instance_original_595.txt	Original	300	5	3	Optimal	0.060763	-9134.61	
data/Instance_original_596.txt	Original	300	5	3	Optimal	0.043895	-7634.47	
data/Instance_original_597.txt	Original	300	5	3	Optimal	0.026938	-3026.77	
data/Instance_original_598.txt	Original	300	5	3	Optimal	0.020952	-5782.76	
data/Instance_original_599.txt	Original	300	5	3	Optimal	0.150312	-15321.7	
data/Instance_original_600.txt	Original	300	5	3	Optimal	0.048705	-10448.9	
data/Instance_original_601.txt	Original	400	5	3	Optimal	0.059998	-8296.14	
data/Instance_original_602.txt	Original	400	5	3	Optimal	0.154479	-13439.7	
data/Instance_original_603.txt	Original	400	5	3	Optimal	0.171691	-14340.5	
data/Instance_original_604.txt	Original	400	5	3	Optimal	0.053786	-17501.1	
data/Instance_original_605.txt	Original	400	5	3	Optimal	0.141016	-6225.7	
data/Instance_original_606.txt	Original	400	5	3	Optimal	0.10162	-20948.4	
data/Instance_original_607.txt	Original	400	5	3	Optimal	0.064138	-4427.64	
data/Instance_original_608.txt	Original	400	5	3	Optimal	0.109094	-17929	
data/Instance_original_609.txt	Original	400	5	3	Optimal	0.05865	-6835.34	
data/Instance_original_610.txt	Original	400	5	3	Optimal	0.047247	-4089.76	
data/Instance_original_611.txt	Original	400	5	3	Optimal	0.026085	-2419.73	
data/Instance_original_612.txt	Original	400	5	3	Optimal	0.054911	-3219.61	
data/Instance_original_613.txt	Original	400	5	3	Optimal	0.186439	-17764	
data/Instance_original_614.txt	Original	400	5	3	Optimal	0.076656	-14580.2	
data/Instance_original_615.txt	Original	400	5	3	Optimal	0.093283	-10287.5	
data/Instance_original_616.txt	Original	400	5	3	Optimal	0.034826	-7236.22	
data/Instance_original_617.txt	Original	400	5	3	Optimal	0.107878	-10078.2	
data/Instance_original_618.txt	Original	400	5	3	Optimal	0.062545	-21882.8	
data/Instance_original_619.txt	Original	400	5	3	Optimal	0.056465	-6320.52	
data/Instance_original_620.txt	Original	400	5	3	Optimal	0.049032	-8203.4	
data/Instance_original_621.txt	Original	400	5	3	Optimal	0.211205	-15415.5	
data/Instance_original_622.txt	Original	400	5	3	Optimal	1.08968	-19139.5	
data/Instance_original_623.txt	Original	400	5	3	Optimal	0.028882	-22206.3	
data/Instance_original_624.txt	Original	400	5	3	Optimal	0.229477	-7793.38	
data/Instance_original_625.txt	Original	400	5	3	Optimal	0.056517	-17036.2	
data/Instance_original_626.txt	Original	400	5	3	Optimal	0.024516	-5817.33	
data/Instance_original_627.txt	Original	400	5	3	Optimal	0.167056	-9789.37	
data/Instance_original_628.txt	Original	400	5	3	Optimal	0.057963	-19474.4	
data/Instance_original_629.txt	Original	400	5	3	Optimal	0.035971	-18502.7	
data/Instance_original_630.txt	Original	400	5	3	Optimal	0.134674	-10973.3	
data/Instance_original_631.txt	Original	400	5	3	Optimal	0.03598	-4503.73	
data/Instance_original_632.txt	Original	400	5	3	Optimal	0.049963	-2708.67	
data/Instance_original_633.txt	Original	400	5	3	Optimal	0.185939	-14505.2	
data/Instance_original_634.txt	Original	400	5	3	Optimal	0.050255	-1932.35	
data/Instance_original_635.txt	Original	400	5	3	Optimal	0.098553	-21168.2	
data/Instance_original_636.txt	Original	400	5	3	Optimal	0.90058	-21755.7	
data/Instance_original_637.txt	Original	400	5	3	Optimal	0.036509	-4628.5	
data/Instance_original_638.txt	Original	400	5	3	Optimal	0.14803	-22077.6	
data/Instance_original_639.txt	Original	400	5	3	Optimal	0.179933	-14708.2	
data/Instance_original_640.txt	Original	400	5	3	Optimal	0.093881	-18002.4	
data/Instance_original_641.txt	Original	400	5	3	Optimal	0.033507	-4326.71	
data/Instance_original_642.txt	Original	400	5	3	Optimal	0.125916	-16303.7	
data/Instance_original_643.txt	Original	400	5	3	Optimal	0.029259	-23527.1	
data/Instance_original_644.txt	Original	400	5	3	Optimal	0.113575	-16393.6	
data/Instance_original_645.txt	Original	400	5	3	Optimal	0.132914	-22371.5	
data/Instance_original_646.txt	Original	400	5	3	Optimal	0.221878	-18410.9	
data/Instance_original_647.txt	Original	400	5	3	Optimal	0.115635	-6714.29	
data/Instance_original_648.txt	Original	400	5	3	Optimal	0.0253	-5358.62	
data/Instance_original_649.txt	Original	400	5	3	Optimal	0.107163	-11414.2	
data/Instance_original_650.txt	Original	400	5	3	Optimal	0.03834	-7379.23	
data/Instance_original_651.txt	Original	400	5	3	Optimal	0.026864	-6431.35	
data/Instance_original_652.txt	Original	400	5	3	Optimal	0.031304	-22804.3	
data/Instance_original_653.txt	Original	400	5	3	Optimal	0.062792	-13598.8	
data/Instance_original_654.txt	Original	400	5	3	Optimal	0.076646	-21996.3	
data/Instance_original_655.txt	Original	400	5	3	Optimal	0.036223	-9071.54	
data/Instance_original_656.txt	Original	400	5	3	Optimal	0.033301	-6511.48	
data/Instance_original_657.txt	Original	400	5	3	Optimal	0.070804	-14510.8	
data/Instance_original_658.txt	Original	400	5	3	Optimal	0.037916	-4614.32	
data/Instance_original_659.txt	Original	400	5	3	Optimal	0.136411	-18052.6	
data/Instance_original_660.txt	Original	400	5	3	Optimal	0.080368	-22484	
data/Instance_original_661.txt	Original	400	5	3	Optimal	0.037335	-9782.73	
data/Instance_original_662.txt	Original	400	5	3	Optimal	0.029419	-20096.3	
data/Instance_original_663.txt	Original	400	5	3	Optimal	0.225425	-19515.5	
data/Instance_original_664.txt	Original	400	5	3	Optimal	0.188049	-21635	
data/Instance_original_665.txt	Original	400	5	3	Optimal	0.053771	-5326.13	
data/Instance_original_666.txt	Original	400	5	3	Optimal	0.106337	-18946.1	
data/Instance_original_667.txt	Original	400	5	3	Optimal	0.117632	-4462.39	
data/Instance_original_668.txt	Original	400	5	3	Optimal	0.096826	-17009.7	
data/Instance_original_669.txt	Original	400	5	3	Optimal	0.115163	-14948.8	
data/Instance_original_670.txt	Original	400	5	3	Optimal	0.048579	-8603.99	
data/Instance_original_671.txt	Original	400	5	3	Optimal	0.035387	-18687.2	
data/Instance_original_672.txt	Original	400	5	3	Optimal	0.036637	-22069	
data/Instance_original_673.txt	Original	400	5	3	Optimal	0.080476	-19534.8	
data/Instance_original_674.txt	Original	400	5	3	Optimal	0.177449	-19657.8	
data/Instance_original_675.txt	Original	400	5	3	Optimal	0.038811	-7376.69	
data/Instance_original_676.txt	Original	400	5	3	Optimal	0.039778	-19085.9	
data/Instance_original_677.txt	Original	400	5	3	Optimal	0.048389	-5042.21	
data/Instance_original_678.txt	Original	400	5	3	Optimal	0.038908	-21561	
data/Instance_original_679.txt	Original	400	5	3	Optimal	0.041359	-8239.17	
data/Instance_original_680.txt	Original	400	5	3	Optimal	0.022273	-24001.1	
data/Instance_original_681.txt	Original	400	5	3	Optimal	0.032642	-22984.9	
data/Instance_original_682.txt	Original	400	5	3	Optimal	0.1937	-18343.8	
data/Instance_original_683.txt	Original	400	5	3	Optimal	0.262818	-20998.1	
data/Instance_original_684.txt	Original	400	5	3	Optimal	0.188316	-14019.5	
data/Instance_original_685.txt	Original	400	5	3	Optimal	0.12019	-8290.13	
data/Instance_original_686.txt	Original	400	5	3	Optimal	0.049353	235.487	
data/Instance_original_687.txt	Original	400	5	3	Optimal	0.025675	-17661.2	
data/Instance_original_688.txt	Original	400	5	3	Optimal	0.030137	-21905.4	
data/Instance_original_689.txt	Original	400	5	3	Optimal	0.150615	-20769.3	
data/Instance_original_690.txt	Original	400	5	3	Optimal	0.026845	-23006.8	
data/Instance_original_691.txt	Original	400	5	3	Optimal	0.038269	-3555.91	
data/Instance_original_692.txt	Original	400	5	3	Optimal	0.027347	-2364.66	
data/Instance_original_693.txt	Original	400	5	3	Optimal	0.098514	-20927.7	
data/Instance_original_694.txt	Original	400	5	3	Optimal	0.025143	-768.021	
data/Instance_original_695.txt	Original	400	5	3	Optimal	0.084671	-12346.9	
data/Instance_original_696.txt	Original	400	5	3	Optimal	0.131374	-3452.27	
data/Instance_original_697.txt	Original	400	5	3	Optimal	0.159722	-7166.83	
data/Instance_original_698.txt	Original	400	5	3	Optimal	0.029337	-23871.7	
data/Instance_original_699.txt	Original	400	5	3	Optimal	0.152457	-22088.7	
data/Instance_original_700.txt	Original	400	5	3	Optimal	0.065433	-11364.4	
data/Instance_original_701.txt	Original	500	5	3	Optimal	0.118085	-20535.7	
data/Instance_original_702.txt	Original	500	5	3	Optimal	0.125554	-26095.9	
data/Instance_original_703.txt	Original	500	5	3	Optimal	0.035	1838.43	
data/Instance_original_704.txt	Original	500	5	3	Optimal	0.218331	-25981.7	
data/Instance_original_705.txt	Original	500	5	3	Optimal	0.419922	-4947.28	
data/Instance_original_706.txt	Original	500	5	3	Optimal	0.1404	-14971	
data/Instance_original_707.txt	Original	500	5	3	Optimal	0.193258	-27984	
data/Instance_original_708.txt	Original	500	5	3	Optimal	0.130904	-23455.4	
data/Instance_original_709.txt	Original	500	5	3	Optimal	0.041768	-27080.6	
data/Instance_original_710.txt	Original	500	5	3	Optimal	0.321059	-19408.6	
data/Instance_original_711.txt	Original	500	5	3	Optimal	0.349622	-13756.4	
data/Instance_original_712.txt	Original	500	5	3	Optimal	0.182734	-16353.1	
data/Instance_original_713.txt	Original	500	5	3	Optimal	0.128946	-7089.65	
data/Instance_original_714.txt	Original	500	5	3	Optimal	0.103033	-17048.6	
data/Instance_original_715.txt	Original	500	5	3	Optimal	0.0385	-29866.2	
data/Instance_original_716.txt	Original	500	5	3	Optimal	0.168039	-13182.2	
data/Instance_original_717.txt	Original	500	5	3	Optimal	0.028843	417.498	
data/Instance_original_718.txt	Original	500	5	3	Optimal	0.290633	-25851.6	
data/Instance_original_719.txt	Original	500	5	3	Optimal	0.045478	-2226.71	
data/Instance_original_720.txt	Original	500	5	3	Optimal	0.140251	-11793.3	
data/Instance_original_721.txt	Original	500	5	3	Optimal	0.067856	-9946	
data/Instance_original_722.txt	Original	500	5	3	Optimal	0.131741	-20970.5	
data/Instance_original_723.txt	Original	500	5	3	Optimal	0.087086	-28769.3	
data/Instance_original_724.txt	Original	500	5	3	Optimal	0.125075	-18970.8	
data/Instance_original_725.txt	Original	500	5	3	Optimal	0.043302	-27171.6	
data/Instance_original_726.txt	Original	500	5	3	Optimal	0.170694	-20025.9	
data/Instance_original_727.txt	Original	500	5	3	Optimal	0.311006	-24241.9	
data/Instance_original_728.txt	Original	500	5	3	Optimal	0.061943	-8509.34	
data/Instance_original_729.txt	Original	500	5	3	Optimal	0.181389	-23803.5	
data/Instance_original_730.txt	Original	500	5	3	Optimal	0.332238	-10158.9	
data/Instance_original_731.txt	Original	500	5	3	Optimal	0.16376	-9757.96	
data/Instance_original_732.txt	Original	500	5	3	Optimal	0.194375	-9052.24	
data/Instance_original_733.txt	Original	500	5	3	Optimal	0.246363	-25675.5	
data/Instance_original_734.txt	Original	500	5	3	Optimal	0.152434	-9482.19	
data/Instance_original_735.txt	Original	500	5	3	Optimal	0.043553	-25444.8	
data/Instance_original_736.txt	Original	500	5	3	Optimal	0.191284	-21043	
data/Instance_original_737.txt	Original	500	5	3	Optimal	0.13107	-23549.4	
data/Instance_original_738.txt	Original	500	5	3	Optimal	0.323848	-17025.3	
data/Instance_original_739.txt	Original	500	5	3	Optimal	0.156375	-22384.2	
data/Instance_original_740.txt	Original	500	5	3	Optimal	0.203933	-13275	
data/Instance_original_741.txt	Original	500	5	3	Optimal	0.128563	-15694.8	
data/Instance_original_742.txt	Original	500	5	3	Optimal	0.488561	-18763.1	
data/Instance_original_743.txt	Original	500	5	3	Optimal	0.600985	-22199.7	
data/Instance_original_744.txt	Original	500	5	3	Optimal	0.156149	-6153.25	
data/Instance_original_745.txt	Original	500	5	3	Optimal	0.265333	-18233.6	
data/Instance_original_746.txt	Original	500	5	3	Optimal	0.059234	-4307.57	
data/Instance_original_747.txt	Original	500	5	3	Optimal	0.022722	-30589.4	
data/Instance_original_748.txt	Original	500	5	3	Optimal	0.133537	-14650.3	
data/Instance_original_749.txt	Original	500	5	3	Optimal	0.136623	-26671.6	
data/Instance_original_750.txt	Original	500	5	3	Optimal	0.126165	-7197.94	
data/Instance_original_751.txt	Original	500	5	3	Optimal	0.148017	-28606.9	
data/Instance_original_752.txt	Original	500	5	3	Optimal	0.121322	-28634	
data/Instance_original_753.txt	Original	500	5	3	Optimal	0.099219	-26296.6	
data/Instance_original_754.txt	Original	500	5	3	Optimal	0.165409	-22047.3	
data/Instance_original_755.txt	Original	500	5	3	Optimal	0.196331	-18698.3	
data/Instance_original_756.txt	Original	500	5	3	Optimal	0.146828	-10572.6	
data/Instance_original_757.txt	Original	500	5	3	Optimal	0.176546	-11744.4	
data/Instance_original_758.txt	Original	500	5	3	Optimal	0.04822	-27055.7	
data/Instance_original_759.txt	Original	500	5	3	Optimal	0.060539	-7520.41	
data/Instance_original_760.txt	Original	500	5	3	Optimal	0.054895	-9454.19	
data/Instance_original_761.txt	Original	500	5	3	Optimal	0.067255	-998.317	
data/Instance_original_762.txt	Original	500	5	3	Optimal	0.087911	-15129.2	
data/Instance_original_763.txt	Original	500	5	3	Optimal	0.060526	-4833.88	
data/Instance_original_764.txt	Original	500	5	3	Optimal	0.167216	-27854.7	
data/Instance_original_765.txt	Original	500	5	3	Optimal	0.274679	-18259.4	
data/Instance_original_766.txt	Original	500	5	3	Optimal	0.339857	-19514.7	
data/Instance_original_767.txt	Original	500	5	3	Optimal	0.15103	-10752	
data/Instance_original_768.txt	Original	500	5	3	Optimal	0.133062	-19139.5	
data/Instance_original_769.txt	Original	500	5	3	Optimal	0.03706	-24908.3	
data/Instance_original_770.txt	Original	500	5	3	Optimal	0.06804	-12636.6	
data/Instance_original_771.txt	Original	500	5	3	Optimal	0.096539	-9608.92	
data/Instance_original_772.txt	Original	500	5	3	Optimal	0.07412	-5899.82	
data/Instance_original_773.txt	Original	500	5	3	Optimal	0.24941	-25765.7	
data/Instance_original_774.txt	Original	500	5	3	Optimal	0.148369	-14915.3	
data/Instance_original_775.txt	Original	500	5	3	Optimal	0.05718	-26775.7	
data/Instance_original_776.txt	Original	500	5	3	Optimal	0.253514	-7661.89	
data/Instance_original_777.txt	Original	500	5	3	Optimal	0.654941	-5998.5	
data/Instance_original_778.txt	Original	500	5	3	Optimal	0.145731	-15009.7	
data/Instance_original_779.txt	Original	500	5	3	Optimal	0.156487	-18253.2	
data/Instance_original_780.txt	Original	500	5	3	Optimal	0.123625	-27978.8	
data/Instance_original_781.txt	Original	500	5	3	Optimal	0.040058	-27490.4	
data/Instance_original_782.txt	Original	500	5	3	Optimal	0.232488	-11752.3	
data/Instance_original_783.txt	Original	500	5	3	Optimal	0.213221	-27834.1	
data/Instance_original_784.txt	Original	500	5	3	Optimal	0.129373	-16058.3	
data/Instance_original_785.txt	Original	500	5	3	Optimal	0.029938	-29625.6	
data/Instance_original_786.txt	Original	500	5	3	Optimal	0.04634	-22206.9	
data/Instance_original_787.txt	Original	500	5	3	Optimal	0.122764	-19355.8	
data/Instance_original_788.txt	Original	500	5	3	Optimal	0.186384	-19074.1	
data/Instance_original_789.txt	Original	500	5	3	Optimal	0.43699	-17212.2	
data/Instance_original_790.txt	Original	500	5	3	Optimal	0.046326	-29415.9	
data/Instance_original_791.txt	Original	500	5	3	Optimal	0.065789	-2629.51	
data/Instance_original_792.txt	Original	500	5	3	Optimal	0.329852	-21627.2	
data/Instance_original_793.txt	Original	500	5	3	Optimal	0.302293	-18639.3	
data/Instance_original_794.txt	Original	500	5	3	Optimal	0.169464	-19687.5	
data/Instance_original_795.txt	Original	500	5	3	Optimal	0.110551	-20895.9	
data/Instance_original_796.txt	Original	500	5	3	Optimal	0.034898	-30834.2	
data/Instance_original_797.txt	Original	500	5	3	Optimal	0.146238	-10566.3	
data/Instance_original_798.txt	Original	500	5	3	Optimal	0.265542	-21711.7	
data/Instance_original_799.txt	Original	500	5	3	Optimal	0.116936	-15534.5	
data/Instance_original_800.txt	Original	500	5	3	Optimal	0.309087	-9241.3	
data/Instance_original_801.txt	Original	600	5	3	Optimal	0.252755	-27770.4	
data/Instance_original_802.txt	Original	600	5	3	Optimal	0.20228	-19836.7	
data/Instance_original_803.txt	Original	600	5	3	Optimal	0.05192	-15645	
data/Instance_original_804.txt	Original	600	5	3	Optimal	0.032802	-35608.1	
data/Instance_original_805.txt	Original	600	5	3	Optimal	0.113616	-22526.5	
data/Instance_original_806.txt	Original	600	5	3	Optimal	0.200174	-17910.7	
data/Instance_original_807.txt	Original	600	5	3	Optimal	0.189064	-25072.6	
data/Instance_original_808.txt	Original	600	5	3	Optimal	0.191316	-14837.7	
data/Instance_original_809.txt	Original	600	5	3	Optimal	0.064246	-2794.13	
data/Instance_original_810.txt	Original	600	5	3	Optimal	0.139268	-10692.4	
data/Instance_original_811.txt	Original	600	5	3	Optimal	0.095782	-1591.34	
data/Instance_original_812.txt	Original	600	5	3	Optimal	0.093429	-34655	
data/Instance_original_813.txt	Original	600	5	3	Optimal	0.175404	-32343.7	
data/Instance_original_814.txt	Original	600	5	3	Optimal	0.029791	-2006.17	
data/Instance_original_815.txt	Original	600	5	3	Optimal	0.154922	-23067.6	
data/Instance_original_816.txt	Original	600	5	3	Optimal	0.177404	-17655.3	
data/Instance_original_817.txt	Original	600	5	3	Optimal	0.203354	-21658.5	
data/Instance_original_818.txt	Original	600	5	3	Optimal	0.358259	-8179.71	
data/Instance_original_819.txt	Original	600	5	3	Optimal	0.168092	-25511.8	
data/Instance_original_820.txt	Original	600	5	3	Optimal	0.095757	-4041.56	
data/Instance_original_821.txt	Original	600	5	3	Optimal	0.036113	-10263.8	
data/Instance_original_822.txt	Original	600	5	3	Optimal	0.086637	-12014.7	
data/Instance_original_823.txt	Original	600	5	3	Optimal	0.171308	-8465.39	
data/Instance_original_824.txt	Original	600	5	3	Optimal	0.058375	-23299.4	
data/Instance_original_825.txt	Original	600	5	3	Optimal	0.04784	-35043.6	
data/Instance_original_826.txt	Original	600	5	3	Optimal	0.297663	-22578.3	
data/Instance_original_827.txt	Original	600	5	3	Optimal	0.149814	-23771.5	
data/Instance_original_828.txt	Original	600	5	3	Optimal	0.139394	-11856.3	
data/Instance_original_829.txt	Original	600	5	3	Optimal	0.644024	-28545.2	
data/Instance_original_830.txt	Original	600	5	3	Optimal	0.178124	-18004.2	
data/Instance_original_831.txt	Original	600	5	3	Optimal	0.6978	-23011.4	
data/Instance_original_832.txt	Original	600	5	3	Optimal	0.039792	-11994.2	
data/Instance_original_833.txt	Original	600	5	3	Optimal	0.051148	-34903.6	
data/Instance_original_834.txt	Original	600	5	3	Optimal	0.204117	-33594.1	
data/Instance_original_835.txt	Original	600	5	3	Optimal	0.077441	-11741.6	
data/Instance_original_836.txt	Original	600	5	3	Optimal	1.52123	-29293.2	
data/Instance_original_837.txt	Original	600	5	3	Optimal	0.150958	-9034.58	
data/Instance_original_838.txt	Original	600	5	3	Optimal	0.057212	-10340.7	
data/Instance_original_839.txt	Original	600	5	3	Optimal	0.317663	-33902.1	
data/Instance_original_840.txt	Original	600	5	3	Optimal	0.061648	-34379.3	
data/Instance_original_841.txt	Original	600	5	3	Optimal	0.023778	-33684.7	
data/Instance_original_842.txt	Original	600	5	3	Optimal	0.155769	-16410.2	
data/Instance_original_843.txt	Original	600	5	3	Optimal	0.031976	-31770.7	
data/Instance_original_844.txt	Original	600	5	3	Optimal	0.164419	-26983.8	
data/Instance_original_845.txt	Original	600	5	3	Optimal	0.373514	-3256.61	
data/Instance_original_846.txt	Original	600	5	3	Optimal	0.29054	-22057.4	
data/Instance_original_847.txt	Original	600	5	3	Optimal	0.10209	-8331.12	
data/Instance_original_848.txt	Original	600	5	3	Optimal	0.287883	-33666.7	
data/Instance_original_849.txt	Original	600	5	3	Optimal	0.228121	-30771.9	
data/Instance_original_850.txt	Original	600	5	3	Optimal	0.03586	-11310.6	
data/Instance_original_851.txt	Original	600	5	3	Optimal	0.219501	-33889.5	
data/Instance_original_852.txt	Original	600	5	3	Optimal	0.189421	-22878.5	
data/Instance_original_853.txt	Original	600	5	3	Optimal	0.363483	-25970.9	
data/Instance_original_854.txt	Original	600	5	3	Optimal	0.475086	-30398.1	
data/Instance_original_855.txt	Original	600	5	3	Optimal	0.201041	-22438.8	
data/Instance_original_856.txt	Original	600	5	3	Optimal	0.029226	-6420.79	
data/Instance_original_857.txt	Original	600	5	3	Optimal	0.087264	-11435.5	
data/Instance_original_858.txt	Original	600	5	3	Optimal	0.056412	-16055.5	
data/Instance_original_859.txt	Original	600	5	3	Optimal	0.037743	-32510.6	
data/Instance_original_860.txt	Original	600	5	3	Optimal	0.044923	-39865.7	
data/Instance_original_861.txt	Original	600	5	3	Optimal	0.165954	-20675.6	
data/Instance_original_862.txt	Original	600	5	3	Optimal	0.467582	-26474.5	
data/Instance_original_863.txt	Original	600	5	3	Optimal	0.152491	-15751.8	
data/Instance_original_864.txt	Original	600	5	3	Optimal	0.143443	-13171.7	
data/Instance_original_865.txt	Original	600	5	3	Optimal	0.215267	-23656.4	
data/Instance_original_866.txt	Original	600	5	3	Optimal	0.140071	-30811.4	
data/Instance_original_867.txt	Original	600	5	3	Optimal	0.165644	-31290.7	
data/Instance_original_868.txt	Original	600	5	3	Optimal	0.289205	-34761.9	
data/Instance_original_869.txt	Original	600	5	3	Optimal	0.041968	-30508.2	
data/Instance_original_870.txt	Original	600	5	3	Optimal	0.078299	-31352.6	
data/Instance_original_871.txt	Original	600	5	3	Optimal	0.081193	-4955.4	
data/Instance_original_872.txt	Original	600	5	3	Optimal	0.183947	-20324.1	
data/Instance_original_873.txt	Original	600	5	3	Optimal	0.217902	-16155.8	
data/Instance_original_874.txt	Original	600	5	3	Optimal	0.305843	-23845.7	
data/Instance_original_875.txt	Original	600	5	3	Optimal	0.346805	-29518.1	
data/Instance_original_876.txt	Original	600	5	3	Optimal	0.743302	-31079.7	
data/Instance_original_877.txt	Original	600	5	3	Optimal	0.191226	-28110.9	
data/Instance_original_878.txt	Original	600	5	3	Optimal	0.188128	-5480.49	
data/Instance_original_879.txt	Original	600	5	3	Optimal	0.156423	-14570.2	
data/Instance_original_880.txt	Original	600	5	3	Optimal	0.043946	-12232.7	
data/Instance_original_881.txt	Original	600	5	3	Optimal	0.133947	-13278.1	
data/Instance_original_882.txt	Original	600	5	3	Optimal	0.100572	-13785	
data/Instance_original_883.txt	Original	600	5	3	Optimal	0.518575	-30865.4	
data/Instance_original_884.txt	Original	600	5	3	Optimal	0.164407	-32247.1	
data/Instance_original_885.txt	Original	600	5	3	Optimal	0.129888	-33404.8	
data/Instance_original_886.txt	Original	600	5	3	Optimal	0.181036	-23497	
data/Instance_original_887.txt	Original	600	5	3	Optimal	0.398484	-14713.3	
data/Instance_original_888.txt	Original	600	5	3	Optimal	0.193483	-24985.4	
data/Instance_original_889.txt	Original	600	5	3	Optimal	0.040797	-32189.5	
data/Instance_original_890.txt	Original	600	5	3	Optimal	0.163199	-25873.1	
data/Instance_original_891.txt	Original	600	5	3	Optimal	0.425524	-20625	
data/Instance_original_892.txt	Original	600	5	3	Optimal	0.158588	-26126.3	
data/Instance_original_893.txt	Original	600	5	3	Optimal	0.138808	-7540.56	
data/Instance_original_894.txt	Original	600	5	3	Optimal	0.099606	-32740.3	
data/Instance_original_895.txt	Original	600	5	3	Optimal	0.071905	-9981.5	
data/Instance_original_896.txt	Original	600	5	3	Optimal	0.096087	-19146.2	
data/Instance_original_897.txt	Original	600	5	3	Optimal	0.072471	-11863.6	
data/Instance_original_898.txt	Original	600	5	3	Optimal	0.135446	-9643.96	
data/Instance_original_899.txt	Original	600	5	3	Optimal	0.063953	-30424.2	
data/Instance_original_900.txt	Original	600	5	3	Optimal	0.12248	-29217	
data/Instance_original_901.txt	Original	700	5	3	Optimal	0.315183	-21157.9	
data/Instance_original_902.txt	Original	700	5	3	Optimal	0.139939	-16165.3	
data/Instance_original_903.txt	Original	700	5	3	Optimal	0.089801	-6647.37	
data/Instance_original_904.txt	Original	700	5	3	Optimal	0.237712	-2543.65	
data/Instance_original_905.txt	Original	700	5	3	Optimal	0.126289	-18360.8	
data/Instance_original_906.txt	Original	700	5	3	Optimal	0.085999	-12582.8	
data/Instance_original_907.txt	Original	700	5	3	Optimal	0.111591	-9037.37	
data/Instance_original_908.txt	Original	700	5	3	Optimal	0.280679	-26032.6	
data/Instance_original_909.txt	Original	700	5	3	Optimal	0.062951	-40708.1	
data/Instance_original_910.txt	Original	700	5	3	Optimal	0.457168	-30362.9	
data/Instance_original_911.txt	Original	700	5	3	Optimal	0.821917	-29715.7	
data/Instance_original_912.txt	Original	700	5	3	Optimal	0.372202	-19778.4	
data/Instance_original_913.txt	Original	700	5	3	Optimal	0.249377	-21750.4	
data/Instance_original_914.txt	Original	700	5	3	Optimal	0.211935	-25793.1	
data/Instance_original_915.txt	Original	700	5	3	Optimal	0.103826	-40087	
data/Instance_original_916.txt	Original	700	5	3	Optimal	0.345918	-27267.4	
data/Instance_original_917.txt	Original	700	5	3	Optimal	0.618655	-29044	
data/Instance_original_918.txt	Original	700	5	3	Optimal	0.119244	-28910.6	
data/Instance_original_919.txt	Original	700	5	3	Optimal	0.052793	-37709.3	
data/Instance_original_920.txt	Original	700	5	3	Optimal	0.217551	-18841.1	
data/Instance_original_921.txt	Original	700	5	3	Optimal	0.122968	-10178.5	
data/Instance_original_922.txt	Original	700	5	3	Optimal	0.119084	-17125.9	
data/Instance_original_923.txt	Original	700	5	3	Optimal	0.091467	-34572.5	
data/Instance_original_924.txt	Original	700	5	3	Optimal	0.107376	-3640.21	
data/Instance_original_925.txt	Original	700	5	3	Optimal	0.184061	-30726.4	
data/Instance_original_926.txt	Original	700	5	3	Optimal	0.081319	-36513.5	
data/Instance_original_927.txt	Original	700	5	3	Optimal	0.091957	-14850.7	
data/Instance_original_928.txt	Original	700	5	3	Optimal	0.110854	-37781.3	
data/Instance_original_929.txt	Original	700	5	3	Optimal	0.344184	-28960.4	
data/Instance_original_930.txt	Original	700	5	3	Optimal	0.079015	-9761.1	
data/Instance_original_931.txt	Original	700	5	3	Optimal	0.053296	-15293.5	
data/Instance_original_932.txt	Original	700	5	3	Optimal	0.391824	-29823.9	
data/Instance_original_933.txt	Original	700	5	3	Optimal	0.410299	-32598.6	
data/Instance_original_934.txt	Original	700	5	3	Optimal	0.044272	-9250.89	
data/Instance_original_935.txt	Original	700	5	3	Optimal	0.111521	-4888.91	
data/Instance_original_936.txt	Original	700	5	3	Optimal	1.43546	-29573.3	
data/Instance_original_937.txt	Original	700	5	3	Optimal	0.111418	-12571.9	
data/Instance_original_938.txt	Original	700	5	3	Optimal	0.202927	-28931.5	
data/Instance_original_939.txt	Original	700	5	3	Optimal	0.157261	-17515	
data/Instance_original_940.txt	Original	700	5	3	Optimal	1.33096	-30059.6	
data/Instance_original_941.txt	Original	700	5	3	Optimal	0.222379	-23315.5	
data/Instance_original_942.txt	Original	700	5	3	Optimal	0.664557	-7409.99	
data/Instance_original_943.txt	Original	700	5	3	Optimal	0.614657	-27382.6	
data/Instance_original_944.txt	Original	700	5	3	Optimal	0.175779	-19596.1	
data/Instance_original_945.txt	Original	700	5	3	Optimal	0.104831	-7860.97	
data/Instance_original_946.txt	Original	700	5	3	Optimal	0.144705	-11455.7	
data/Instance_original_947.txt	Original	700	5	3	Optimal	0.083037	-11830.7	
data/Instance_original_948.txt	Original	700	5	3	Optimal	0.644444	-32528	
data/Instance_original_949.txt	Original	700	5	3	Optimal	0.25182	-32034.7	
data/Instance_original_950.txt	Original	700	5	3	Optimal	0.317133	-21001.9	
data/Instance_original_951.txt	Original	700	5	3	Optimal	0.16631	-18088.4	
data/Instance_original_952.txt	Original	700	5	3	Optimal	0.161066	-23167.3	
data/Instance_original_953.txt	Original	700	5	3	Optimal	0.169109	-38775.1	
data/Instance_original_954.txt	Original	700	5	3	Optimal	0.173368	-33527.7	
data/Instance_original_955.txt	Original	700	5	3	Optimal	0.204548	-38809.3	
data/Instance_original_956.txt	Original	700	5	3	Optimal	0.119127	-14384.3	
data/Instance_original_957.txt	Original	700	5	3	Optimal	0.152804	-27351.7	
data/Instance_original_958.txt	Original	700	5	3	Optimal	0.194902	-39608.3	
data/Instance_original_959.txt	Original	700	5	3	Optimal	0.235119	-23591.5	
data/Instance_original_960.txt	Original	700	5	3	Optimal	0.682099	-30922.7	
data/Instance_original_961.txt	Original	700	5	3	Optimal	0.091818	-28548.5	
data/Instance_original_962.txt	Original	700	5	3	Optimal	0.14602	-22220.6	
data/Instance_original_963.txt	Original	700	5	3	Optimal	0.056219	-14537.3	
data/Instance_original_964.txt	Original	700	5	3	Optimal	0.283261	-27260.9	
data/Instance_original_965.txt	Original	700	5	3	Optimal	0.353194	-6143.21	
data/Instance_original_966.txt	Original	700	5	3	Optimal	0.135831	-37638.7	
data/Instance_original_967.txt	Original	700	5	3	Optimal	0.866237	-22954	
data/Instance_original_968.txt	Original	700	5	3	Optimal	0.084373	-29661	
data/Instance_original_969.txt	Original	700	5	3	Optimal	0.348005	-29435.4	
data/Instance_original_970.txt	Original	700	5	3	Optimal	0.262885	-23335.5	
data/Instance_original_971.txt	Original	700	5	3	Optimal	0.320565	-33606.7	
data/Instance_original_972.txt	Original	700	5	3	Optimal	0.105854	-4794.53	
data/Instance_original_973.txt	Original	700	5	3	Optimal	0.087898	-13386.7	
data/Instance_original_974.txt	Original	700	5	3	Optimal	0.112305	-9012.46	
data/Instance_original_975.txt	Original	700	5	3	Optimal	0.497346	-32713.8	
data/Instance_original_976.txt	Original	700	5	3	Optimal	0.214315	-38409.6	
data/Instance_original_977.txt	Original	700	5	3	Optimal	0.071869	-6848.2	
data/Instance_original_978.txt	Original	700	5	3	Optimal	0.198737	-36355.6	
data/Instance_original_979.txt	Original	700	5	3	Optimal	0.219599	-34032.8	
data/Instance_original_980.txt	Original	700	5	3	Optimal	0.098679	-9742.86	
data/Instance_original_981.txt	Original	700	5	3	Optimal	0.411052	-22608.1	
data/Instance_original_982.txt	Original	700	5	3	Optimal	0.187805	-36790.8	
data/Instance_original_983.txt	Original	700	5	3	Optimal	0.140709	-36801.6	
data/Instance_original_984.txt	Original	700	5	3	Optimal	0.253435	-36706.8	
data/Instance_original_985.txt	Original	700	5	3	Optimal	0.165031	-14199.2	
data/Instance_original_986.txt	Original	700	5	3	Optimal	0.191367	-25389.1	
data/Instance_original_987.txt	Original	700	5	3	Optimal	0.154441	-8545.92	
data/Instance_original_988.txt	Original	700	5	3	Optimal	0.107656	-18038.8	
data/Instance_original_989.txt	Original	700	5	3	Optimal	0.589686	-33717.8	
data/Instance_original_990.txt	Original	700	5	3	Optimal	0.290157	-11626.7	
data/Instance_original_991.txt	Original	700	5	3	Optimal	0.503491	-32529.9	
data/Instance_original_992.txt	Original	700	5	3	Optimal	0.059662	-38259	
data/Instance_original_993.txt	Original	700	5	3	Optimal	0.762801	-18289.5	
data/Instance_original_994.txt	Original	700	5	3	Optimal	0.347777	-22408	
data/Instance_original_995.txt	Original	700	5	3	Optimal	0.176432	-21621.8	
data/Instance_original_996.txt	Original	700	5	3	Optimal	0.259054	-30444.4	
data/Instance_original_997.txt	Original	700	5	3	Optimal	0.638413	-31464.1	
data/Instance_original_998.txt	Original	700	5	3	Optimal	0.231438	-3711.6	
data/Instance_original_999.txt	Original	700	5	3	Optimal	0.111795	-11702.5	
data/Instance_original_1000.txt	Original	700	5	3	Optimal	0.186846	-16741.5	
data/Instance_original_36.txt	Original	10	5	3	Optimal	0.005247	-0.364533	
data/Instance_original_36.txt	Original	10	5	3	Optimal	0.005771	-0.364533	
data/Instance_original_36.txt	Original	10	5	3	Optimal	0.004673	-0.364533	
data/Instance_original_36.txt	Original	10	5	3	Optimal	0.004566	-0.364533	
data/Instance_original_36.txt	Original	10	5	3	Optimal	0.004703	-0.364533	
data/Instance_original_36.txt	Original	10	5	3	Optimal	0.004473	-0.364533	
data/Instance_original_36.txt	Original	10	5	3	Optimal	0.004588	-0.364533	
data/Instance_original_1.txt	Original	10	5	3	Optimal	0.020741	-457.058	
data/Instance_original_2.txt	Original	10	5	3	Optimal	0.002571	-596.73	
data/Instance_original_3.txt	Original	10	5	3	Optimal	0.006646	-131.353	
data/Instance_original_4.txt	Original	10	5	3	Optimal	0.010654	-373.412	
data/Instance_original_5.txt	Original	10	5	3	Optimal	0.012154	-323.368	
data/Instance_original_6.txt	Original	10	5	3	Optimal	0.003857	124.117	
data/Instance_original_7.txt	Original	10	5	3	Optimal	0.006771	-191.891	
data/Instance_original_8.txt	Original	10	5	3	Optimal	0.002749	159.614	
data/Instance_original_9.txt	Original	10	5	3	Optimal	0.00377	534.772	
data/Instance_original_10.txt	Original	10	5	3	Optimal	0.015578	-503.177	
data/Instance_original_11.txt	Original	10	5	3	Optimal	0.00161	276.857	
data/Instance_original_12.txt	Original	10	5	3	Optimal	0.010833	-29.9225	
data/Instance_original_13.txt	Original	10	5	3	Optimal	0.01427	-322.124	
data/Instance_original_14.txt	Original	10	5	3	Optimal	0.014165	-161.335	
data/Instance_original_15.txt	Original	10	5	3	Optimal	0.002439	-116.927	
data/Instance_original_16.txt	Original	10	5	3	Optimal	0.014438	-490.069	
data/Instance_original_17.txt	Original	10	5	3	Optimal	0.017166	-196.754	
data/Instance_original_18.txt	Original	10	5	3	Optimal	0.002838	-1060.89	
data/Instance_original_19.txt	Original	10	5	3	Optimal	0.005173	521.446	
data/Instance_original_20.txt	Original	10	5	3	Optimal	0.302832	-128.507	
data/Instance_original_21.txt	Original	10	5	3	Optimal	0.057216	-301.873	
data/Instance_original_22.txt	Original	10	5	3	Optimal	0.016196	-384.396	
data/Instance_original_23.txt	Original	10	5	3	Optimal	0.005051	-387.969	
data/Instance_original_24.txt	Original	10	5	3	Optimal	0.015924	-503.548	
data/Instance_original_25.txt	Original	10	5	3	Optimal	0.020007	-415.132	
data/Instance_original_26.txt	Original	10	5	3	Optimal	0.021046	-26.2757	
data/Instance_original_27.txt	Original	10	5	3	Optimal	0.049995	464.384	
data/Instance_original_28.txt	Original	10	5	3	Optimal	0.001864	-167.15	
data/Instance_original_29.txt	Original	10	5	3	Optimal	0.014094	-443.669	
data/Instance_original_30.txt	Original	10	5	3	Optimal	0.014617	-281.419	
data/Instance_original_31.txt	Original	10	5	3	Optimal	0.073732	-114.833	
data/Instance_original_32.txt	Original	10	5	3	Optimal	0.006828	-35.3978	
data/Instance_original_33.txt	Original	10	5	3	Optimal	0.015818	-253.287	
data/Instance_original_34.txt	Original	10	5	3	Optimal	0.008914	-229.705	
data/Instance_original_35.txt	Original	10	5	3	Optimal	0.021038	224.42	
data/Instance_original_36.txt	Original	10	5	3	Optimal	0.003667	-0.364533	
data/Instance_original_37.txt	Original	10	5	3	Optimal	0.10838	-42.291	
data/Instance_original_38.txt	Original	10	5	3	Optimal	0.012905	-893.148	
data/Instance_original_39.txt	Original	10	5	3	Optimal	0.073093	-169.61	
data/Instance_original_40.txt	Original	10	5	3	Optimal	0.050879	-122.55	
data/Instance_original_41.txt	Original	10	5	3	Optimal	0.042552	-569.787	
data/Instance_original_42.txt	Original	10	5	3	Optimal	0.002706	376.919	
data/Instance_original_43.txt	Original	10	5	3	Optimal	0.004202	419.958	
data/Instance_original_44.txt	Original	10	5	3	Optimal	0.00327	1.79523	
data/Instance_original_45.txt	Original	10	5	3	Optimal	0.002139	554.8	
data/Instance_original_46.txt	Original	10	5	3	Optimal	0.019413	-256.353	
data/Instance_original_47.txt	Original	10	5	3	Optimal	0.013051	34.2581	
data/Instance_original_48.txt	Original	10	5	3	Optimal	0.013695	-161.443	
data/Instance_original_49.txt	Original	10	5	3	Optimal	0.027055	184.665	
data/Instance_original_50.txt	Original	10	5	3	Optimal	0.005349	113.488	
data/Instance_original_51.txt	Original	10	5	3	Optimal	0.011914	-84.6051	
data/Instance_original_52.txt	Original	10	5	3	Optimal	0.00281	-683.882	
data/Instance_original_53.txt	Original	10	5	3	Optimal	0.03974	-239.743	
data/Instance_original_54.txt	Original	10	5	3	Optimal	0.013292	-456.155	
data/Instance_original_55.txt	Original	10	5	3	Optimal	0.01114	-122.326	
data/Instance_original_56.txt	Original	10	5	3	Optimal	0.014143	-514.448	
data/Instance_original_57.txt	Original	10	5	3	Optimal	0.013254	-156.382	
data/Instance_original_58.txt	Original	10	5	3	Optimal	0.014569	-676.361	
data/Instance_original_59.txt	Original	10	5	3	Optimal	0.027462	-559.141	
data/Instance_original_60.txt	Original	10	5	3	Optimal	0.003499	-462.299	
data/Instance_original_61.txt	Original	10	5	3	Optimal	0.002997	-717.301	
data/Instance_original_62.txt	Original	10	5	3	Optimal	0.026818	-95.5333	
data/Instance_original_63.txt	Original	10	5	3	Optimal	0.001965	-422.792	
data/Instance_original_64.txt	Original	10	5	3	Optimal	0.01552	-94.9435	
data/Instance_original_65.txt	Original	10	5	3	Optimal	0.015379	-596.756	
data/Instance_original_66.txt	Original	10	5	3	Optimal	0.073648	-441.074	
data/Instance_original_67.txt	Original	10	5	3	Optimal	0.005169	-172.93	
data/Instance_original_68.txt	Original	10	5	3	Optimal	0.007079	38.5922	
data/Instance_original_69.txt	Original	10	5	3	Optimal	0.022019	-26.603	
data/Instance_original_70.txt	Original	10	5	3	Optimal	0.00913	286.158	
data/Instance_original_71.txt	Original	10	5	3	Optimal	0.006333	-448.416	
data/Instance_original_72.txt	Original	10	5	3	Optimal	0.044552	-152.473	
data/Instance_original_73.txt	Original	10	5	3	Optimal	0.007203	-134.378	
data/Instance_original_74.txt	Original	10	5	3	Optimal	0.008049	-335.964	
data/Instance_original_75.txt	Original	10	5	3	Optimal	0.003132	-426.723	
data/Instance_original_76.txt	Original	10	5	3	Optimal	0.004262	-176.504	
data/Instance_original_77.txt	Original	10	5	3	Optimal	0.014473	-224.156	
data/Instance_original_78.txt	Original	10	5	3	Optimal	0.010332	-141.637	
data/Instance_original_79.txt	Original	10	5	3	Optimal	0.013621	-301.983	
data/Instance_original_80.txt	Original	10	5	3	Optimal	0.03294	-223.248	
data/Instance_original_81.txt	Original	10	5	3	Optimal	0.013176	-515.132	
data/Instance_original_82.txt	Original	10	5	3	Optimal	0.00882	-330.322	
data/Instance_original_83.txt	Original	10	5	3	Optimal	0.009179	-252.253	
data/Instance_original_84.txt	Original	10	5	3	Optimal	0.027792	-353.691	
data/Instance_original_85.txt	Original	10	5	3	Optimal	0.088042	-327.188	
data/Instance_original_86.txt	Original	10	5	3	Optimal	0.015797	-637.129	
data/Instance_original_87.txt	Original	10	5	3	Optimal	0.00173	-842.851	
data/Instance_original_88.txt	Original	10	5	3	Optimal	0.003116	-283.788	
data/Instance_original_89.txt	Original	10	5	3	Optimal	0.012214	-476.18	
data/Instance_original_90.txt	Original	10	5	3	Optimal	0.012191	-142.729	
data/Instance_original_91.txt	Original	10	5	3	Optimal	0.019914	-331.994	
data/Instance_original_92.txt	Original	10	5	3	Optimal	0.00494	-60.9011	
data/Instance_original_93.txt	Original	10	5	3	Optimal	0.001386	-454.512	
data/Instance_original_94.txt	Original	10	5	3	Optimal	0.003225	-0.0499675	
data/Instance_original_95.txt	Original	10	5	3	Optimal	0.054372	-462.746	
data/Instance_original_96.txt	Original	10	5	3	Optimal	0.014	-212.98	
data/Instance_original_97.txt	Original	10	5	3	Optimal	0.006397	-259.392	
data/Instance_original_98.txt	Original	10	5	3	Optimal	0.012664	-490.448	
data/Instance_original_99.txt	Original	10	5	3	Optimal	0.021389	-565.593	
data/Instance_original_100.txt	Original	10	5	3	Optimal	0.007501	-90.8071	
data/Instance_original_101.txt	Original	20	5	3	Optimal	0.0078	-413.085	
data/Instance_original_102.txt	Original	20	5	3	Optimal	0.002432	-870.404	
data/Instance_original_103.txt	Original	20	5	3	Optimal	0.021013	-747.774	
data/Instance_original_104.txt	Original	20	5	3	Optimal	0.010199	-486.433	
data/Instance_original_105.txt	Original	20	5	3	Optimal	0.023392	-196.177	
data/Instance_original_106.txt	Original	20	5	3	Optimal	0.007578	-67.1209	
data/Instance_original_107.txt	Original	20	5	3	Optimal	0.16201	-596.62	
data/Instance_original_108.txt	Original	20	5	3	Optimal	0.018256	-323.115	
data/Instance_original_109.txt	Original	20	5	3	Optimal	0.097328	-1107.1	
data/Instance_original_110.txt	Original	20	5	3	Optimal	0.020019	-294.35	
data/Instance_original_111.txt	Original	20	5	3	Optimal	0.019283	-1180.42	
data/Instance_original_112.txt	Original	20	5	3	Optimal	0.011342	23.7497	
data/Instance_original_113.txt	Original	20	5	3	Optimal	0.0184	-1070.46	
data/Instance_original_114.txt	Original	20	5	3	Optimal	0.017016	-225.895	
data/Instance_original_115.txt	Original	20	5	3	Optimal	0.022963	-980.352	
data/Instance_original_116.txt	Original	20	5	3	Optimal	0.191283	-1744.7	
data/Instance_original_117.txt	Original	20	5	3	Optimal	0.003367	-1355.58	
data/Instance_original_118.txt	Original	20	5	3	Optimal	0.111764	-1048.65	
data/Instance_original_119.txt	Original	20	5	3	Optimal	0.019631	-1259	
data/Instance_original_120.txt	Original	20	5	3	Optimal	0.008657	202.181	
data/Instance_original_121.txt	Original	20	5	3	Optimal	0.015179	-974.844	
data/Instance_original_122.txt	Original	20	5	3	Optimal	0.004042	-1468.24	
data/Instance_original_123.txt	Original	20	5	3	Optimal	0.005988	176.987	
data/Instance_original_124.txt	Original	20	5	3	Optimal	0.014489	-60.2349	
data/Instance_original_125.txt	Original	20	5	3	Optimal	0.081194	-282.697	
data/Instance_original_126.txt	Original	20	5	3	Optimal	0.026945	-462.098	
data/Instance_original_127.txt	Original	20	5	3	Optimal	0.030417	-488.538	
data/Instance_original_128.txt	Original	20	5	3	Optimal	0.0031	-570.17	
data/Instance_original_129.txt	Original	20	5	3	Optimal	0.012626	-219.139	
data/Instance_original_130.txt	Original	20	5	3	Optimal	0.016349	-747.9	
data/Instance_original_131.txt	Original	20	5	3	Optimal	0.002162	-1051.07	
data/Instance_original_132.txt	Original	20	5	3	Optimal	0.29759	-745.183	
data/Instance_original_133.txt	Original	20	5	3	Optimal	0.051288	-292.743	
data/Instance_original_134.txt	Original	20	5	3	Optimal	0.011463	-1007.35	
data/Instance_original_135.txt	Original	20	5	3	Optimal	0.006723	-865.685	
data/Instance_original_136.txt	Original	20	5	3	Optimal	0.009338	-384.937	
data/Instance_original_137.txt	Original	20	5	3	Optimal	0.008344	885.098	
data/Instance_original_138.txt	Original	20	5	3	Optimal	0.022525	-1035.8	
data/Instance_original_139.txt	Original	20	5	3	Optimal	0.033016	-457.998	
data/Instance_original_140.txt	Original	20	5	3	Optimal	0.006999	-618.173	
data/Instance_original_141.txt	Original	20	5	3	Optimal	0.017126	-229.576	
data/Instance_original_142.txt	Original	20	5	3	Optimal	0.025242	-543.611	
data/Instance_original_143.txt	Original	20	5	3	Optimal	0.0223	-542.371	
data/Instance_original_36.txt	Original	10	5	3	Optimal	0.003423	-0.364533	
data/Instance_original_36.txt	Original	10	5	3	Optimal	0.004193	-0.364533	
